Name,UserId,Social Account,Gender,Score,Comments count,Followers,Followings,Posts count
nbdieulinh,61b37f3c47f5fe4413881db3,,2,38,0,0,0,7
Moondancer,631c06da9b3473a272a4150a,,1,3,0,1,1,3
AllyJane,6236f8310fac15a9f4e518f7,,2,118,13,16,2,3
MyNameIsBim,614eeb936171fc19b619c55d,https://www.youtube.com/channel/UCxnZCIIg-ZKgsJi8segmuPQ,1,201,0,75,1,3
Dlee_sfl,64dc454c81dad93c392aa716,,2,25,0,1,1,12
trutroet,6412e3a72a0ebb610f46a1bc,,1,9,4,2,0,2
Nguyetquynh,63fa34925c8fac8ebead2e88,,2,126,11,27,1,10
vedanataa,6504255e23c462d26d3bda4f,,0,3,0,1,0,1
MeoToMo,65b3bae667e2b8882b60401d,https://www.tiktok.com/@meotomo,3,15,2,6,1,11
DominicoSavio,60ee5d26c23be37ebf37917c,,1,87,41,5,28,35
ArchStoa,60ebe7143583b555c24e8981,,1,23,0,8,0,11
olivence,60ebe6e83583b555c24e4ad8,,2,11,0,0,0,4
quangninhanh,60ebe6ff3583b555c24e6c70,,1,87,0,10,2,7
bigmorty,62f945720668a9fb68112afc,,0,14,6,0,0,1
kimuyen123,64e1b8ef72e74fcb3ab03df9,,2,56,3,19,1,9
nguoithichviet,64296c37f9d1e4e6cce9e699,,2,5,0,2,0,3
Accclonethui,63bba8606bd87150f395ca65,,1,89,17,12,1,74
kaixadesign,60ebe6c63583b555c24e1b0e,kaixa.co,1,4,1,1,2,1
Tintin0401,626eb32bf77040fbfd57beeb,,2,349,49,74,0,6
mementovivere,6584115213deb5e10fc37156,,3,4,0,2,1,1
SmileyMeo,63541b70749d2b1ab54b2e3c,,2,18,0,1,1,2
BetterMee,6446e4af8905f2fdf163f10e,,2,17,2,6,1,3
CallmeSa,63a2a09f525ef24321b55c63,https://www.facebook.com/savox2209,1,27,11,3,1,8
Phanhoanganh0605,63a400b4525ef24321b55da7,,1,3,0,1,0,1
lekhanh12102005,6444f7d1c60cf5aaa39131c2,,0,34,4,5,3,6
haydenlee,62f118b40668a9fb6811230c,,1,523,0,216,0,9
hvcngao1234,65422937543d9df59c0240da,,0,5,1,0,0,3
baobinh020272,643a7b5e5159e82d7e7767d4,https://www.facebook.com/profile.php?id=100010165187540,2,29,0,2,0,25
EzioSkywalker98,60ebe6393583b555c24d5422,https://www.facebook.com/AerochirStark/,1,3726,453,3802,21,201
Le_Diem_Diem,615fc9d847f5fe441387c278,https://www.facebook.com/lediemdiem.279/,2,142,27,25,0,33
HongVanPhong,610a9d922b274ba68b87e851,https://www.facebook.com/phong.hv,1,10,9,0,0,3
verydarkkk,60ebe6703583b555c24da186,,2,696,0,106,5,20
Enola____,6430efaebec98419a33c6941,,1,8,4,7,0,1
FirstOptionVN,650875f023c462d26d3bdd86,,1,68,0,17,0,109
sekai194,63914d57f49ab572676644c8,,1,7,2,1,0,1
khuyettinh,62fb31c10668a9fb68112cd4,,1,3,0,0,0,1
cuminh1605,65e429e3da477fce1eba79b4,,0,7,0,0,0,3
Chung6btn,6551984b543d9df59c024af6,,1,4,0,0,0,1
Jennie_le,6522db0b4e1c1b0675229ed7,,2,11,1,0,0,2
howaboutginny,6426846af9d1e4e6cce9e340,,2,6,1,2,0,1
Quang56,63a27bbe525ef24321b55c2f,,0,24,4,23,0,7
northdious,60ebe62d3583b555c24d440e,,0,202,0,0,0,18
jademai04,63a09e35fe2dd120e8457f8d,,1,14,6,2,4,3
nymphlvot1914211101,60ebe6ee3583b555c24e5385,,1,186,59,19,6,29
thanhphu2211,64ca12a55144604269f4640f,,1,0,0,0,0,1
thegioibinhthuong,630845fa0668a9fb68113ab0,https://www.instagram.com/thegioibinhthuong/,2,215,0,0,0,32
hieunm711,60ebe65f3583b555c24d89f3,,1,716,0,109,0,57
Bitterann,60ebe6f33583b555c24e5bb1,,2,30,26,0,2,5
chloechau94,64424342c60cf5aaa3912f4a,,2,216,8,98,2,8
samurice,60ebe6273583b555c24d3b2e,https://www.facebook.com/datnguyen.dec3,1,6477,2186,12209,112,263
trngtrwng,6539d388e1565cb90a80f772,,1,6,1,0,6,2
Tuanluck23,60f1c49d4aab1696372ad857,,1,30,0,0,37,9
hoaxuyenchi,64eb7ee172e74fcb3ab0469e,,1,20,4,2,2,5
garenpc2003,64d055075144604269f468da,,1,5,0,0,0,1
naunong,6476a4e82355c5caa757dce7,,1,12,2,0,0,3
Thichquangtuvm_123,6357d8a11a44df6c9e30d021,,1,36,5,11,3,26
baotrungtran0,6595389613deb5e10fc37cf8,2024trung,1,9,3,2,0,5
thedoublelifeof_Kiki123,631081d78725e81bc016f3c5,,2,1,0,0,3,1
nguyenpc47,63da11c5ac6ce8aebd3d8375,,1,13,6,0,0,10
ROSV75,657bd06c13deb5e10fc36bfe,,0,8,4,0,1,1
Mich18,61c5e60247f5fe4413883476,,1,11,8,2,0,4
sgreader2241996,62c19d41e4b8dd7425e493c2,,1,12,0,0,1,9
chau256,62cef0edd2e114bfa045ff8f,,1,4,1,0,3,1
astaonthemic,6558abc7b74dc1430920d450,https://www.instagram.com/thanhtiuuu/,1,7,3,1,1,3
Hanayiyana,60ebe68e3583b555c24dcc60,,2,12,0,0,0,1
thanhdat15823101,62bb11c73681267070573ab1,,0,3,0,0,2,1
sn9800,64a588da090ad4ab6d53db7c,sonnguyen9800.com,1,25,7,3,1,9
thehavenblog,634e52c5c09e46f8dbbc382e,https://www.youtube.com/channel/UCaQZ1dQH6ukbQRYlLxzKKtg,3,348,21,134,1,18
Taxufa,62597f527ed7490dd99022b9,,1,41,22,5,5,12
congvinh1,6541bd005bd5b7cd03789731,,0,36,3,4,0,1
khoaanguyen,6573399db74dc1430920e551,,0,2,1,2,0,1
Orizardbl,6508074b23c462d26d3bdcf9,,1,3,0,0,0,2
quynhizickeddy,65af680567e2b8882b603ce9,https://www.facebook.com/xuongbienrakhoinao,2,4,1,0,0,1
maitoan1802,6249e6630fac15a9f4e52cd7,,1,16,7,0,1,1
tunglamphandam,66014d2ada477fce1eba98aa,,0,3,1,0,1,1
vuhanhtam,651145234e1c1b067522919b,https://www.facebook.com/vuhanhtam,2,15,2,0,0,5
Emma24,60ebe6503583b555c24d7456,,2,130,0,0,1,4
Motnguoidep,60ebe6f13583b555c24e57f7,,2,1641,0,838,8,20
ashleytran,645660a505940a6f2659931a,,0,16,5,3,0,1
viettr4n,60ebe68b3583b555c24dc7c8,,1,27,10,7,40,5
Gerard,60ebe6493583b555c24d6ac3,,1,2836,365,2425,1,59
linhtrucduong,60ebe6303583b555c24d47c8,,2,11,0,0,0,1
Icebearrrr,63ed1198ed82d1a72da37e6d,,2,41,34,10,12,1
Subintruong,64d9b4ba5144604269f470b2,https://www.facebook.com/tuongvan.truong.812,2,23,2,5,0,11
phamdinhan,642d84100564add6edf1450c,,1,12,7,0,1,4
JobChen,61067e892b274ba68b87e055,,1,45,14,2,0,91
2worldvietnam,62e74c9e0668a9fb68111886,https://www.facebook.com/secondworldvietnam,1,9,0,7,0,6
thesunsetisbeautiful,61436f35e8b89c7af2ffb638,https://www.threads.net/@lam.dev.dau.lung,1,173,29,0,0,5
nguyenngocxuanquynh2022,63213a6b0c1ff20d46987c64,,2,3,0,0,0,3
dandelamsol,63215fdb7182b212746caec7,,2,41,2,9,4,17
Phunghuymanhquan,65bbbbbf67e2b8882b604531,,1,11,8,2,6,1
thienbaotvb,644896640f3fbb20914508da,https://www.instagram.com/peterntb/,1,4,0,1,0,3
gianghi131,6276497a73c1dc4950015332,,2,23,2,2,22,3
kaitokid14121998,60ebe6a33583b555c24dea47,,1,195,29,40,12,21
dquynh,65715ee0b74dc1430920e412,,0,4,0,1,0,1
nhatminhhp1999,61596a4a6171fc19b619d4d5,,1,50,18,8,0,6
abresolute,60ebe62e3583b555c24d4515,,2,359,0,99,0,27
VinhNguyen3,65d64002da477fce1eba6d60,,1,4,2,1,0,4
truongson,62dfc39d0668a9fb68111097,https://www.instagram.com/trggson/,1,580,111,224,8,39
Ellietran,65a1ff8667e2b8882b6032ff,https://www.facebook.com/profile.php?id=61558460008853,2,7,7,0,10,1
phuonghien,6445f35dc60cf5aaa39132d4,https://www.facebook.com/profile.php?id=100071720928229,2,34,2,3,1,12
AbeilleNguyen,64b4bc7b5144604269f452f0,https://www.facebook.com/AbeilleNguyen,1,22,14,1,13,2
hoangnguyenhaiser_0807,60ebe6a23583b555c24de910,,1,71,10,9,8,22
LeBao10,62d83a398ce53d08f5e02a98,,1,23,3,6,7,7
Vakama2003,63766a6dfe530dc8754284be,,0,5,0,1,0,3
tamtaminlife,646b1e52709d7bf565443b8c,https://www.facebook.com/vutam.bella,2,109,9,15,0,21
tuan_le_nutshell,64edc6b8881b4c0f4306ec1d,https://www.facebook.com/nguyentuan.071001/,1,19,4,2,1,2
hungle2810,62b493853681267070572fe7,,1,30,6,15,3,16
huydh150104,60ebe70f3583b555c24e8310,,1,105,7,12,10,32
quanwq,63c2bb5419bbdf6da0de388d,,1,7,0,0,2,5
TrifanboymarvelDc,60ebe69b3583b555c24ddedc,,1,254,127,73,10,29
traceback,64ea592c72e74fcb3ab045c5,,1,6,1,6,2,1
udyduy,642644daf9d1e4e6cce9e2ce,,0,8,9,0,1,1
xxsalinnxx,6426945cf9d1e4e6cce9e359,,2,39,12,6,0,17
AlexChristin,60ebe6383583b555c24d52c0,https://www.facebook.com/iamalexvu,1,2061,0,4648,0,55
TientotTiente,64bc924b5144604269f45953,,2,9,0,5,0,2
Hoang_Nam,60ebe6da3583b555c24e374e,,1,716,123,91,13,223
NguyenTheCong,629b64b7d098a7729bf8211c,https://www.facebook.com/SACHKINHDIEN,1,28,3,5,0,12
r4vendel,60ebe6c43583b555c24e189a,https://www.facebook.com/r4vendel,1,95,3,37,2,4
ahcalling,60ebe69e3583b555c24de304,,0,385,33,132,3,20
dinhmao,6429d671f9d1e4e6cce9e732,,3,10,0,3,0,9
anhsang3,60ebe6cc3583b555c24e23a7,,2,25,6,3,8,11
ngothien,631e8e232c808edb0e682c12,,2,5,0,0,0,2
manh264,63062b540668a9fb68113876,,1,58,45,24,8,7
iamneyud,64b5070c5144604269f45372,https://www.facebook.com/iamneyudd,2,21,0,4,3,6
ng_qu_chi,62788430361cbb6709ca28cb,https://www.facebook.com/damcauchuyenxam/,2,140,42,17,0,9
nhigrowingup,640a8a0f2a0ebb610f4697de,,2,22,0,2,0,5
deanrazorbak,60ebe63b3583b555c24d5626,,1,4481,619,4898,1,32
sieuanhluu,63a867ca525ef24321b561f8,,2,26,5,6,1,3
11leven,66331cceda477fce1ebacb71,,0,7,3,0,0,1
ilens20s,64453bb7c60cf5aaa391321d,,0,6,1,0,0,5
dogiahuy,62c8db7dd2e114bfa045f643,,1,10,0,1,0,6
bi458bi458,6244445d0fac15a9f4e5264a,,1,26,10,6,1,10
trung2992003,60ebe6f93583b555c24e62fd,https://www.facebook.com/profile.php?id=100024847784927,1,65,62,1,10,5
vuquangdai9x,60ebe6ae3583b555c24dfa27,https://www.facebook.com/Vu.Quang.Dai.9x/,1,3,0,1,1,1
Hoang4attc,60ebe6df3583b555c24e3eb4,,1,112,48,18,8,19
simpleisnmarketing,6405d0f73c6df393ca38ce7d,,1,11,1,3,1,7
hienkasper,60ebe6ec3583b555c24e5194,,3,7,3,1,3,2
Julia_Nguyen,6465f9eb709d7bf5654437fd,https://www.facebook.com/Two-becomes-One-191793207990783,2,8,0,2,0,3
NTTNTPD,60ebe6bb3583b555c24e0b97,www.facebook.com/tran.phuongduy.14/,1,22,3,5,0,7
toanlt2004,64e85ea072e74fcb3ab0447b,,1,2,1,0,0,1
feltoirhaw mia,60ebe6b63583b555c24e04ef,,2,3,1,1,18,3
zecth2017,60ebe6773583b555c24dac24,,1,50,15,20,2,5
phongpham108,60ebe6b23583b555c24dff2b,,1,359,50,36,44,202
Vietanhvi214,611693361c6b0328e6cabe4c,,1,10,0,2,3,3
Huythong0810,60ebe65a3583b555c24d834f,https://www.facebook.com/huythong0810/,1,68,14,9,5,8
HuCaGi99,60ebe6de3583b555c24e3dfe,https://www.facebook.com/hcg.HuCaGi,2,49,11,16,1,17
meohanhtinh,62fb32a50668a9fb68112cd8,,0,29,2,4,1,15
Grass99,62564a950fac15a9f4e5379d,,1,11,0,0,1,2
dustinanh,60ebe6593583b555c24d81cb,,1,70,48,9,15,3
Hanoikid99,60ebe6ac3583b555c24df6b1,https://www.facebook.com/khongphaipagedanhchoxinephile,1,39,8,10,1,5
notabadboiz,64cddcf85144604269f466f6,,1,7,0,1,0,2
Abcd2911,639611e04ce711f0ab2d18e5,,0,7,0,1,0,1
msnjce0603,6399c586dbbe0e6ef77da8bf,,2,15,2,1,0,13
faiwarkute,61e7c2690fac15a9f4e4c7a1,,1,17,10,7,0,4
trambruhh,6333d01042f4358f4a937dac,,2,38,34,0,58,14
rosetran,651bddd94e1c1b06752299d4,https://www.facebook.com/profile.php?id=100056635260045,2,12,3,1,1,7
akwaabatung,651b9bfb4e1c1b0675229977,https://www.facebook.com/AkwaabaTung,1,10,0,10,0,4
lekhanh123,6447ce020f3fbb20914507ed,,1,111,17,12,2,17
skitbreh,630102320668a9fb681132db,,1,3,0,0,0,3
pnha2007,660ce8d5da477fce1ebaa501,,2,4,0,0,0,1
baoviet1993,61c6979147f5fe44138834c6,,1,18,0,3,1,22
chizurukaito,6142c126e8b89c7af2ffb549,,1,50,47,1,0,4
hyhoang,60ebe66a3583b555c24d98f2,,1,12,4,4,0,2
deankyoto,622f7a1a0fac15a9f4e51210,,1,57,3,5,2,12
Evahoo,6138a767e8b89c7af2ffa312,https://www.facebook.com/hobaongoc22/,2,26,9,0,0,6
kimtn16,618b3e3847f5fe441387f257,,2,12,3,1,0,9
theprospectmind,6481f4601997711e17cb1e8e,,1,10,1,3,0,1
Thao_Nguyen_Ngoc,6593b67f13deb5e10fc37ba9,,1,1,0,0,0,2
amypham99,638f5e46f49ab572676642e3,,2,14,0,6,7,1
Lamhao2306,60ebe6df3583b555c24e3eb6,https://www.facebook.com/LamHao.onlyGTOP,2,1593,243,469,0,91
harryphan17,63d1e8842b513c8619a744a3,,1,5,1,1,14,2
dacvuong0902,60ebe6f73583b555c24e6069,,1,192,16,57,0,46
mintrosie1102,60ebe6ca3583b555c24e209c,,2,24,0,0,0,10
nhuhoangy,610921042b274ba68b87e569,https://www.facebook.com/benjamin.possgulak,1,43,11,7,0,13
MattNg,65be436dda477fce1eba5dc7,,1,16,2,0,0,2
Oanh25_,6596b94013deb5e10fc37e36,https://www.facebook.com/profile.php?id=61555344208008,2,7,0,0,0,2
catsanddogs,62986c1dd098a7729bf81ddf,,2,15,0,2,0,4
MinhNgoc28,62e40a310668a9fb6811156e,https://www.facebook.com/Beauty-Bio-truth-100795576070909/about/?ref=page_internal,2,66,27,17,2,11
comingwithmetta,62f0ca0c0668a9fb6811228c,,2,22,8,4,2,2
ntchuong,64d056475144604269f468e0,,1,29,4,9,0,1
neiltran9613,60f81aefb4d801eae083dc60,https://www.tumblr.com/blog/quangthang961,1,8,3,6,6,2
NguyenQuocAnh,63214cf262a7480e4ae32616,,3,16,14,2,0,2
hunghiepnguyen1,60ebe6d73583b555c24e33c4,,1,132,0,0,0,10
dimibook,6655956fda477fce1ebb0974,,0,3,0,0,0,1
Cuong123,662b354dda477fce1ebac2e8,https://www.linkedin.com/in/c%C6%B0%E1%BB%9Dng-nguy%E1%BB%85n-103033251/,1,9,0,1,1,5
HoTuan,61272bdd0758a09bb1b47b43,,1,97,4,6,0,57
Nghia_Nguyen,64d0ac1a5144604269f46937,,1,12,1,7,1,2
Minhkudo1006,64cb8e8b5144604269f46535,,1,16,1,4,0,3
thuhang287,620466000fac15a9f4e4dfce,,2,26,8,2,0,10
orange399,65f7a9f6da477fce1eba8d75,https://www.facebook.com/nguyennhan43,2,40,0,3,0,5
MinhDung,60ebe6cb3583b555c24e2205,https://www.facebook.com/typn.1999/,1,32,1,39,20,12
lekhachan153,6500258a6a95f60c7518307f,https://www.facebook.com/han.lekhac.153/,1,3,1,2,10,1
ThaoVy,63e69345abf0541d95f0a8fa,,0,67,0,9,2,29
Justdoit,64b29c7048fda4f0cbce974a,https://www.instagram.com/n.neyuh/?fbclid=IwAR1uwXwYoa_toHt6_J7T6NoYv_zOzCG0ETUNUENgi7B2JORwGBvmIxUak5Y,2,3,0,0,2,2
eigengrau,65fb0022da477fce1eba91e0,,2,17,0,0,0,4
phanrose,63667d27191de11b0519acb9,,2,1,0,0,0,1
truonghoanguyen,60ebe6a13583b555c24de680,,2,16,0,5,0,6
StevenDuck,61c53ec547f5fe4413883393,,1,59,0,0,0,17
mayy2000,60ebe6703583b555c24da251,,2,488,0,0,0,16
dahoang92,658af86e13deb5e10fc3758b,,0,2,0,0,0,1
Minhthu1803,60ebe6723583b555c24da4d5,,2,169,0,0,0,33
chautuan260597,60ebe6913583b555c24dd096,,1,112,20,46,14,17
quanmactieu,62d784e08ce53d08f5e0292e,,1,16,7,1,0,2
vuongvy1871,64d1e1165144604269f46a13,,1,33,2,9,0,4
chinguyendac,64a4d6f1090ad4ab6d53daaa,,1,31,0,8,0,1
Sarah_vu1807,60fcd855b4d801eae083e3f8,,2,12,7,0,0,3
jeremytruong,60ebe6ae3583b555c24df924,https://www.facebook.com/jeremytruong0204/,1,2,0,0,0,1
ntkhoi007,62726cf9f77040fbfd57cb67,,1,18,7,6,4,4
07114869,65c0f6f6da477fce1eba5f9f,,2,65,6,9,0,2
kingdas,65d96b4fda477fce1eba6feb,,1,8,4,1,0,2
Nguyentu123,62f60f9e0668a9fb68112803,,0,2,0,0,0,1
milyminah,612c71d70758a09bb1b485cd,,2,22,7,2,0,4
430sang,659aaef913deb5e10fc380fd,https://www.facebook.com/430sang,1,9,4,1,0,1
Bigcatcat,63175fd0a0cea7845fbf5852,,1,3,0,0,1,1
havee2501,654e6611543d9df59c02492c,,2,64,24,0,0,4
toanlevan0123,625e27814e51a276315781da,,1,87,0,0,0,8
harryhoang761993,60ebe6ae3583b555c24df95e,,1,827,324,556,2,21
namthankinh,620b9e360fac15a9f4e4e8e7,,1,8,2,0,1,2
duongan,60ebe6323583b555c24d49bd,https://www.facebook.com/Duong.An.21/,2,176,24,56,3,30
tranchitrung,60ebe63d3583b555c24d5997,,1,290,8,157,2,13
badaochua23,620b34970fac15a9f4e4e82d,,1,77,37,9,0,7
cqmdh5,60ebe6b03583b555c24dfbeb,,2,270,0,17,32,28
NguyenDucTung,659a6ce813deb5e10fc380ba,,1,8,0,0,0,1
mayvees17,646adcf3709d7bf565443b3e,,2,24,4,6,0,1
quachthaicong,62e75cc40668a9fb681118ab,,1,1909,0,473,0,53
JohhnyN712,64230974f9d1e4e6cce9dec4,,1,4,0,0,2,1
trannamanh,66383b42da477fce1ebad484,,3,18,8,1,0,3
IceMilne,60ebe6cd3583b555c24e2514,,0,69,15,11,16,22
maianhgl123,62b67f77368126707057328f,,2,789,133,244,1,71
maihoainam,6208bc1d0fac15a9f4e4e4cb,https://www.facebook.com/hoainamwriter,1,32,0,0,0,16
amynguyen123,65b8b23367e2b8882b604334,,3,46,11,15,0,8
anhcumeoanh,60ebe7013583b555c24e6f35,https://instagram.com/anhcumeo.with.you?utm_medium=copy_link,2,52,11,9,12,7
Kimberlie,60ebe6f03583b555c24e56f7,,3,32,3,0,0,4
KH4NHT25,65f2f250da477fce1eba8877,,1,4,3,0,0,1
vohoanghac,63e1cf88ac6ce8aebd3d8ba8,https://www.linkedin.com/in/vo-hoang-hac/,1,3,0,0,0,3
VuNguyen66,62ea1d880668a9fb68111bf8,,3,75,0,34,0,10
Jukanius,63e86477abf0541d95f0aa28,https://www.facebook.com/dqugamevn/,1,9,1,1,1,1
lekhoaimi,6644036eda477fce1ebae929,,0,3,1,1,1,1
Huypvbka,60ebe6de3583b555c24e3df1,,1,71,34,10,12,6
husnter242,64f6df55fd57528dd13bdfbe,,1,13,9,0,9,4
thudohoai219,63609b64a821b259b134f024,,2,2,0,0,1,1
trangdoanthu0906,63dca44aac6ce8aebd3d865e,https://www.facebook.com/profile.php?id=100012768483547,1,64,7,0,0,33
Chinh792,6441faddacea4ec6b0a9cc54,https://www.facebook.com/9h792,1,29,0,2,1,24
mcqueenngo,60ebe6c13583b555c24e142b,,1,94,71,13,7,9
tyniehime,61c4461e47f5fe44138832aa,,2,20,0,1,1,3
martinezqdqt,617616bc47f5fe441387dc62,,1,27,3,4,2,6
nggoc26,60ebe6433583b555c24d61c3,https://www.facebook.com/nguyenphuongthengoc,1,434,0,0,0,30
martincrux,66168386da477fce1ebaae78,,1,6,3,1,0,1
Lattenim,60ebe6db3583b555c24e39d3,,1,33,17,3,13,4
_tokarin,64254560f9d1e4e6cce9e1aa,https://www.facebook.com/greenmaz,1,223,22,81,0,3
Anvulism,63b0483e6bd87150f395c007,https://www.instagram.com/anvulism/,2,48,0,0,0,6
ngocha8909,66061f4cda477fce1eba9de8,https://youtube.com/@mydreaming9?si=2rManrg6HXh4JvAo,2,6,1,0,0,1
dinhcongdat,631df9decbf561d1eb7aba41,,3,122,0,0,0,3
dominhquan,65a7dbbb67e2b8882b60374c,,1,58,27,20,1,3
wynnlevi,60ebe6a33583b555c24dea72,,1,355,0,70,19,18
Kangkang672001,60ebe6ae3583b555c24df8f2,,1,39,39,3,4,6
HungVo,640cab2c2a0ebb610f4699ff,,0,1,0,0,0,1
Thanhliem123,60ebe6753583b555c24da901,https://www.instagram.com/tliem212_/,1,611,0,170,0,71
linhdo1209,61cb548c47f5fe4413883a4f,fb.com/linhdo1209,2,66,6,20,0,8
rnstxlv,60ebe70f3583b555c24e8266,https://www.facebook.com/we81since2019,1,43,0,16,0,15
kimthoa88,642b8f1b57186b9d62d8c0e9,,2,4,0,1,0,2
Vu_Viet_Huy,61166fe81c6b0328e6cabde2,,1,7,1,0,0,2
trphan199,60ebe6423583b555c24d6165,https://www.facebook.com/phan.tai.tinh.tri/,1,39,14,12,5,12
lynhi2002,644b2ddac39dc76fd95b7d78,,0,3,0,0,0,2
tronghuy,63231755113e5d4cba7284b9,,0,3,1,1,0,1
duchabuff,62df8bd10668a9fb6811102d,https://www.facebook.com/haf110/,1,14,1,1,1,7
hhn1234,60ebe6f33583b555c24e5ae3,,1,251,83,38,0,10
phanNMVC,6341257add34ab84707c96d7,,0,9,1,0,3,8
SystemOfADown,6619ee5dda477fce1ebab16e,,1,51,4,16,2,18
uniof_cambridge,64380d3ba38f7772e392750f,,1,9,4,1,4,3
manhdungnguyen,65e1bcf6da477fce1eba77bd,,1,37,9,7,1,4
Tranquangnd97,62222af00fac15a9f4e50414,https://www.instagram.com/quang.nov.28/,1,119,17,10,1,11
lilbeevn317,652105364e1c1b0675229d8f,,1,32,0,4,0,8
ltthanhha,6535e9cde1565cb90a80f478,,2,2,0,0,0,1
drthanhson,63b2eaa06bd87150f395c269,https://www.facebook.com/sonslucifers.528/,1,94,7,24,0,5
verypink,64ac05b7e653802bfda80b55,https://www.facebook.com/thamlh,2,3,0,0,0,2
hungpham00,647997239e22cb4222b5d81a,,1,37,0,18,1,2
ananhvu,60ebe6903583b555c24dcee6,https://www.facebook.com/zeusvu/,1,15,10,3,4,3
tonhannguyen,64538dab05940a6f26598f4d,,2,11,2,5,4,1
nhutnhut,63d99dc3ac6ce8aebd3d82dd,,3,37,6,0,1,2
chuong1501,62a6157fd098a7729bf82bc0,,1,146,115,14,24,8
Hapiiiii,60ebe69b3583b555c24ddec6,,0,11,0,0,0,1
Santiahieu,63529aed20711384b24727e4,,1,32,1,9,19,3
manlinh89,6399a079dbbe0e6ef77da886,,0,22,4,2,1,2
joseph,641ee06ff9d1e4e6cce9d9b8,,1,11,2,1,0,5
Flash_Bob_0410,63349b5adad519b0331f6922,https://www.linkedin.com/in/huyhoang0410/,1,10,4,0,8,3
_imhanna,622e12270fac15a9f4e5109a,,2,13,4,0,7,5
malonguyen,63ac1d6d571fa8f20cc281f3,,0,72,5,13,0,2
huonglydg57,6308c8583e9c460b1f285f76,,2,102,12,19,13,10
nmanh_,60ebe6523583b555c24d7780,,2,30,0,11,17,5
PhungPhuongUyen,63d017dc2b513c8619a7435b,https://www.facebook.com/nekomomsyuzuruhanyu/,2,15,4,5,25,4
hieungtrung98,60ebe6633583b555c24d8f02,https://www.facebook.com/hieungtrung98/,1,18,2,12,4,8
bitron16,6379d3beeda435dc6520b490,,1,5,0,0,0,1
pun551977,6659fe29da477fce1ebb1227,,1,1,0,1,0,1
Ai_Duong,60ebe6893583b555c24dc5a2,,2,28,11,5,10,9
khachuynguyen0,627320fcf77040fbfd57cd2b,,1,5,0,0,5,4
Nguyenngocbaokhanh,657e80c613deb5e10fc36d6a,,0,5,0,1,0,2
bbngoc1803,62bdb52f3681267070573fb8,https://www.instagram.com/diepha_writer/,2,125,0,30,6,12
hoangphuongthaone,646389784712ee4a86a2107e,,2,6,0,3,0,1
cuongkhuat02,642fe818bec98419a33c685b,,1,21,2,3,0,7
HoanHao,66041f42da477fce1eba9beb,,3,2,1,3,0,1
Nguyen_The_Hoa,60ebe6433583b555c24d62c1,,3,418,0,0,0,13
Iamsomeone,63e14712ac6ce8aebd3d8b53,https://www.buymeacoffee.com/iamsomeone,1,141,0,0,0,8
LinhLinhVu,60ebe7053583b555c24e74ec,https://www.facebook.com/Linh-Vũ-108256024787865/,2,526,20,184,0,31
Hettenroi1234,6517ee924e1c1b0675229697,,1,10,1,3,0,3
thuvan0410,6561d291b74dc1430920d9e0,,1,22,3,4,1,13
thanhan3701,619a40f847f5fe441387ffad,thanhan.ne,2,117,0,0,24,5
duyennguyen402,6616157fda477fce1ebaadc7,,2,13,0,4,0,1
vtcyber,60ebe6423583b555c24d6034,,1,36,27,9,5,3
vodien2812,627e6514e923ccf4ec411a16,,1,30,4,4,6,34
Trangbubu,60ebe6823583b555c24dbbe8,,2,1430,342,362,0,84
occuriargon,60ebe6f03583b555c24e5739,,2,93,15,41,6,17
LeMinhx,644d1977ca5c8ec2f4b5e94f,,2,3,0,0,2,1
NguyenHoanHao123,6586954f13deb5e10fc372b7,,1,47,9,12,3,13
ducanhjeremy,630b80cc16903c67074a6010,https://www.facebook.com/ducanh.jeremy/,1,5,0,0,0,2
maythoigian1999,64c6149f5144604269f4607d,https://www.youtube.com/@MayThoiGian,1,5,1,5,1,1
Camtien,6436869ca38f7772e3927302,https://www.facebook.com/profile.php?id=100010450691728,2,11,3,3,0,3
huynhthikieu,6123085f0758a09bb1b472c8,,1,7,0,1,0,3
DukeRant,60ebe68f3583b555c24dcd23,,1,173,57,0,0,18
HuyLe0211,6247dd9b0fac15a9f4e52a2f,,0,5,0,0,0,2
khanhlinhchuatebongtoi,6363930f8fea24cc92b27e62,,0,7,3,5,0,2
beomanly,60ebe6503583b555c24d741f,,0,51,21,4,0,6
Writetolive,630e0a9b9278e3c2fa76db57,,2,55,2,17,0,7
duhocPhap,60ebe63a3583b555c24d55ef,,2,134,0,28,2,19
thaoantran,639f65bd252fd7088380d4d1,,2,20,10,1,1,2
Hanhnt,64103fdf2a0ebb610f469e04,,2,0,0,0,0,1
healthee,6530ed88218db718b7bdd89d,https://www.facebook.com/healthee.vietnam,1,22,0,10,0,13
iknowthanh,64d66dd45144604269f46e18,iknowthanh,1,4,0,1,0,4
TomiSatoh,60ebe6763583b555c24dab1d,,1,191,0,0,24,39
Yenney,6433ea08f1c91f63a49926e4,,2,15,4,0,7,6
nhimchirido,60ebe65f3583b555c24d8993,,2,98,0,15,3,10
lientri300301,6473841d2355c5caa757da86,,1,135,52,36,1,3
viettuongtac,6167ed5a47f5fe441387cc7e,https://www.facebook.com/vttcreative,1,41,3,16,0,15
scioncapital,62c28aefe4b8dd7425e4952e,,1,32,13,8,1,4
Theplaybookchannel,63ff45e1d64ce2f6b02bfc51,,1,36,0,41,16,5
Heartmind,60ebe6ad3583b555c24df864,,1,65,49,0,19,14
ThanhBinhNguyen,65d4120dda477fce1eba6ae6,,1,3,2,1,0,1
cuonghd138,640324f03c6df393ca38cbb3,,0,2,0,1,0,1
teect13,60ebe6443583b555c24d637c,,1,6,0,0,0,2
cahoileothac,618cea0847f5fe441387f430,,0,195,3,69,0,8
darklenses,60ebe63b3583b555c24d5671,https://www.facebook.com/minhislaw/,1,167,0,0,0,3
vanthanh1301,6140bbffe8b89c7af2ffb238,https://www.facebook.com/hierarky13/,1,557,77,115,10,33
suongcontent,64bfa4055144604269f45b91,,2,71,9,17,0,4
crisdev,62c8fa7ed2e114bfa045f683,https://www.instagram.com/crisgrowithyou/,1,16,0,3,1,5
vavalnera,60ebe6d23583b555c24e2c7d,,2,634,0,169,0,25
Yuechan,60ebe6753583b555c24da99c,https://www.facebook.com/anya.phuonganh,2,44,7,29,2,15
Dante1808,653505f7218db718b7bddb38,,1,38,6,8,0,3
123456hv789,6281b7ada033dc0df81a946a,,1,11,10,0,0,3
HyperDante,60ebe6d83583b555c24e34f1,https://www.facebook.com/HyperDante97/,1,801,10,177,16,78
Nemo1810,6441e732acea4ec6b0a9cc39,,1,197,79,39,5,57
QuynhNguyen,60ebe6d43583b555c24e2eac,,0,246,58,40,53,14
lethihatrang,60ebe68e3583b555c24dcbe5,,2,433,77,89,44,13
Bentain_ss,60ebe6943583b555c24dd566,,1,63,4,26,3,10
Doanha122,62067e810fac15a9f4e4e236,,2,11,0,3,29,4
foggy091,623606980fac15a9f4e51885,,1,172,29,23,18,8
thuyan227,62b52755368126707057307c,,2,20,4,8,0,2
trieuduong,66299d0eda477fce1ebac115,,1,21,7,2,0,4
tqdungit97,6190e8fc47f5fe441387f74d,,0,9,2,4,0,1
DaoDucDev,63f629e5a139bd57bbbea7ec,,1,13,2,2,0,1
l_windwyn,65a74a7e67e2b8882b6036c3,,1,3,0,2,0,1
ngannhu0305,63e4776f79de19c8beba3262,https://www.instagram.com/tku_ngan/,2,15,3,2,2,6
leezyy98,651f6c204e1c1b0675229c79,,2,3,0,0,0,2
ChiVi1406,65196c024e1c1b06752297bc,,1,4,5,1,1,2
nhanpv,60ebe6c53583b555c24e1a06,,0,9,2,1,8,1
bagiaratHanh,645a19ddbecbccef28c3d14f,,1,3,0,1,0,3
Mizuki194,63b29f546bd87150f395c1fe,,1,19,5,1,20,7
anhducvip2006,61ce755d47f5fe4413883d78,,1,7,5,0,4,3
tranninh,62d10306d2e114bfa04602a5,,1,14,0,2,10,7
linhtrangnguyen5899,629439973e6e9cef9c14d0c5,,2,114,40,28,13,9
cabal2131,60ebe6313583b555c24d4948,,1,650,95,108,12,97
qnhutrg,63be67a019bbdf6da0de352c,https://www.facebook.com/mot.tui.tra,3,63,7,13,0,42
tuanminh201,625cd91656623ca81962f64f,https://www.facebook.com/tmtuan1507/,1,8,2,4,4,3
Haiminhtu,60ebe6c03583b555c24e1306,,2,22,1,8,1,8
kimanh_yi,62f2e8660668a9fb681124eb,,2,6,1,0,4,1
hongvan01052003,61a4d06447f5fe4413880b13,,2,31,11,8,0,5
Myhuong,60ebe6ff3583b555c24e6c91,https://www.facebook.com/nang.ha.maotruc/,2,189,0,37,0,32
puelly,65fbf2a2da477fce1eba92e9,,2,2,0,0,0,2
goldfish233,611b275c6a8e84378d7bbbed,,2,61,28,7,5,1
stevenbeing,61a6654147f5fe4413880d71,https://infinite-being.co/,1,57,4,12,0,20
mindoo,60ebe6e23583b555c24e43b4,,2,30,9,12,4,7
BiinBiin,64584e7805940a6f265994e7,,1,5,2,0,0,3
60sfire,60ebe67e3583b555c24db5cb,https://www.facebook.com/60sfire,1,66,7,100,0,19
motphanba1403,649d8b25090ad4ab6d53d5b1,,1,8,1,3,0,5
TeaTran,645fe43d4712ee4a86a20d8d,https://curioustea88.wordpress.com/ ,3,7,2,0,16,4
Ducnhan1989,60ebe6713583b555c24da2da,https://www.facebook.com/ducnhan89/,1,1129,98,479,1,26
ImaginysLight,60ebe67d3583b555c24db414,https://www.facebook.com/ImaginysLight/,1,453,346,39,0,10
NikoBellic07,64a4f171090ad4ab6d53dad9,,3,0,0,0,0,1
NguyenNhatViet,6270d313f77040fbfd57c414,,1,40,27,1,1,6
littlescout,60ebe6543583b555c24d7a44,https://www.linkedin.com/in/qu%E1%BB%B3nh-ch%C3%A2m-jewel-10243717b/,2,623,0,228,21,34
lythutrang,60ebe6ec3583b555c24e50f0,https://www.facebook.com/vietchonhungngaysau,2,16,1,4,2,10
duongsau1211,6277420d361cbb6709ca26ad,,1,83,11,8,25,36
HongDuong,60ebe6de3583b555c24e3cb2,https://www.facebook.com/justsometinything/?ref=pages_you_manage,2,20,0,0,0,8
popo32,60ebe6583583b555c24d7fb5,,2,90,20,19,9,12
nghiantdigital,639591eb4ce711f0ab2d181f,https://www.instagram.com/trojngnghiax.28/,1,53,4,6,1,3
khoaha2308,64b3f3b05144604269f4527a,,0,11,0,1,0,7
minhvn,62ff5d870668a9fb6811310b,,1,3,0,0,0,3
cai26022006,60ebe6503583b555c24d7520,,1,3,0,2,1,2
kaiyutarou,60ebe6a33583b555c24de996,,1,241,48,154,0,16
rungring,60ebe6bf3583b555c24e11ef,,2,125,30,29,5,12
thangnaodamsoc,60ebe6ac3583b555c24df6c6,,1,787,0,0,0,26
thanh471999,60ebe6e03583b555c24e401a,https://www.facebook.com/ItsmeNgocThanh/,1,33,1,10,3,17
lehoang1912,60ebe69c3583b555c24de069,https://www.facebook.com/profile.php?id=100006913604721,1,86,10,17,2,24
Gomdoriami21,61a1ff0247f5fe44138807d1,,2,15,4,0,0,7
Lamduc1999,63155ad5b9ca6d0dd3b7a842,,1,33,24,0,16,3
Thieuhoa123,60ebe6dd3583b555c24e3c75,,1,11,5,0,6,1
pacificus813,60ebe63e3583b555c24d5b54,,1,295,18,0,0,13
ufotarantino,626e18a4f77040fbfd57bdc1,,0,2,0,0,4,2
Livia_Pham,62c1a3cee4b8dd7425e493d3,,2,40,5,12,0,10
baolam28881998,60ebe6773583b555c24dab97,,2,74,5,10,1,19
Thuy1984,66233d5dda477fce1ebabae7,,2,13,7,0,2,8
Phucxinzai2020,60ebe6ff3583b555c24e6c7d,,1,5,2,0,22,1
nryhwity2524,63fdb7b7d64ce2f6b02bfa3b,,3,9,3,0,6,3
abaoji,64a9fceae653802bfda809e7,,0,1,0,0,0,1
Cunnguyenn,60ebe6493583b555c24d6af0,https://www.facebook.com/tinnguynwithdeadlines/,2,454,111,0,0,51
phamhuuduc0045,60ebe6943583b555c24dd43a,,1,377,0,0,0,10
marketingfordummies,6364ef5a6cc341f080d4924e,,1,2,0,1,0,1
Relight,60ebe6703583b555c24da1ce,,1,9,14,4,1,4
hungtuanha2710,6474116a2355c5caa757dab6,,1,2,0,0,0,1
anhtuan1103,64e577dd72e74fcb3ab0413a,,1,41,2,6,0,6
a_dreamer,60ebe63d3583b555c24d5a36,,1,13160,1616,8380,6,448
Minhquoc,6538cbc1e1565cb90a80f6d9,,1,6,1,2,0,3
ken0106,60ebe6393583b555c24d536a,,1,1000,0,315,13,49
gocnhocualanne,626ace6df77040fbfd57b92f,https://www.facebook.com/chamtoimaytroi/,2,19,3,3,1,12
nghiadoan,60ebe66c3583b555c24d9c93,,1,15,17,3,65,1
ThanhMei,624331720fac15a9f4e52543,https://www.facebook.com/thanhmei265/,2,18,8,4,3,9
TrungTin,60ebe6df3583b555c24e3f62,,1,50,37,4,10,2
minhanpm,60ebe63e3583b555c24d5bb0,https://www.facebook.com/minhanpm/,1,2997,0,988,0,61
ngannguyenyoko,6452438bca5c8ec2f4b5edb2,,2,11,4,3,0,2
vutrananh97,661f9312da477fce1ebab764,,1,3,0,0,0,2
nahcogn,645f040f4712ee4a86a20cba,,2,6,1,1,3,2
giaung2005,65e15455da477fce1eba7730,,1,3,0,0,0,1
ApoloDot,63593b2c5993c8a1275dde35,,1,6,3,0,6,2
Shimii,628977ee3e6e9cef9c14c3ab,,2,70,42,7,9,4
tronghuydt,65685937b74dc1430920de5c,https://www.facebook.com/TronghuyDEC,1,83,10,32,1,20
toyouliar,60ebe6453583b555c24d6558,http://fb.me/mysticcathealing ,2,1152,135,569,0,64
Bibop290102,64ae7d3f48fda4f0cbce9434,https://www.facebook.com/HaiBiAnime,1,3,0,0,0,1
phuongwork132,65510446543d9df59c024abd,https://www.instagram.com/minhlafub/,2,3,0,1,1,3
Reigen,65c068fada477fce1eba5f11,,1,9,1,3,0,2
viethunglpt,65ce1913da477fce1eba6625,,0,10,1,2,0,8
cuongng23,610633412b274ba68b87df7d,,1,8,0,0,0,2
nguyenbaothu,635fd6244728a24c9e261f3a,,1,7,0,1,0,3
nguyentranylam18031999,65267f9a218db718b7bdd111,https://twitter.com/YLamnguyentran1,1,4,0,1,7,3
JustWriting2023,64947d29090ad4ab6d53cf88,,1,3,0,0,1,3
Chantroirucro,658a483913deb5e10fc374df,,2,12,5,2,1,2
FirstA,6424181ef9d1e4e6cce9e048,,1,2,0,0,5,1
Eluzic_no_lezat,6367a6c5c2ee852d13760535,,0,54,17,9,0,11
girlintheair,61b48e3447f5fe4413881f2b,,2,2295,147,497,0,76
giaphuc1511,62c24563e4b8dd7425e4949e,,1,14,1,1,0,3
minhngh,6619686eda477fce1ebab136,,1,1,0,0,0,1
Phucam1999,60ebe6863583b555c24dc08f,,1,305,180,34,16,11
famfamnb,643308cdbec98419a33c6be7,,1,7,2,4,1,1
thai_thai_03,60ebe6a03583b555c24de62d,,1,2,0,0,0,1
maivugon,62e7fdaf0668a9fb681119b9,,2,11,2,1,0,5
Monalisa,62bbc9a13681267070573c00,,1,19,2,4,0,2
thegioithanthoai,60ebe6893583b555c24dc581,https://www.facebook.com/thegioithanthoai3.0,1,529,76,245,5,43
Thanhtam149,63e5ae7aabf0541d95f0a7e4,,1,19,0,2,1,6
concaancucda,62d9fd978ce53d08f5e02c53,https://www.facebook.com/trongchancuabancogi,2,93,20,21,10,20
Trichuot,60ebe6e43583b555c24e45ec,,1,2,0,3,0,2
Baoanho2k,6641e64cda477fce1ebae541,,0,1,0,0,0,1
Minhchausharing,650eb18d23c462d26d3be240,,2,5,0,0,0,1
Nhsd20200,62fafec80668a9fb68112c99,,1,58,12,7,8,1
lilytruong,60ebe6fb3583b555c24e6602,https://www.instagram.com/lilytruongreads/,2,510,69,300,19,27
hoangthienlinhjps,60ebe64a3583b555c24d6c01,,2,42,0,0,0,7
mnhnhkat,62716ad5f77040fbfd57c859,https://www.facebook.com/minhanh.pham.10004/,3,116,19,12,1,55
xuankien_vo,60ebe6813583b555c24db9bb,,1,109,6,35,4,15
toannt141,63c3fa2019bbdf6da0de394a,,1,8,3,7,0,4
mrthink1811,60ebe6da3583b555c24e37ac,,1,19,7,2,10,13
DPX196,63ec4b59e18b3675f4a2db73,,0,2,0,0,0,3
Linhblog,6645a6a0da477fce1ebaec50,,2,6,3,1,0,2
bilongpro,60ebe6de3583b555c24e3ce5,,1,3,1,1,7,1
trang1931,60ebe6d53583b555c24e301f,,2,36,0,0,0,19
T.Minhh,60ebe62d3583b555c24d42dd,https://www.facebook.com/tuanminh.austin/,1,189,75,36,16,8
_xuan_hang_,64e599fd72e74fcb3ab0416c,,2,20,0,0,0,10
cuongng3110,613593e3e8b89c7af2ff9ce7,https://www.facebook.com/profile.php?id=100041601187876,1,153,8,26,52,11
anhdung200505,65d74090da477fce1eba6e3c,hiphucneh,1,2,1,3,0,2
uyenthy2209,664ed324da477fce1ebafd6e,,1,9,0,0,0,2
Cudemtamly,62a43b1dd098a7729bf829c2,,1,181,2,118,2,14
hoaithinhlqt43a,60ebe6703583b555c24da253,https://www.facebook.com/hoaithinh0102/,2,128,9,19,23,10
ToofiNguyen,6383091faa81b21f43b299a6,,2,13,5,3,0,6
vietanhpham,637def44aa81b21f43b29397,,1,146,9,29,1,34
hoaithuongdaily,63242b031f2ee6b544b23548,https://www.facebook.com/hoaithuongdaily,1,7,0,1,0,2
BNDY28,60ebe69b3583b555c24ddf3e,,1,347,21,132,0,34
hoangcuongnguyen2001,648d8cfe090ad4ab6d53cad3,,1,7,0,2,0,2
Linh071004,60ebe7103583b555c24e843f,,2,14,0,0,0,9
Mannhi123,6101337cb4d801eae083ec74,,2,40,0,0,0,2
bachtranngoc,6334a89bdad519b0331f692b,,1,11,5,3,13,2
holanthanh,6524bc154e1c1b0675229ffd,,1,17,0,0,0,2
chopandchat,641328dc2a0ebb610f46a202,https://www.instagram.com/chopandchat/,2,224,56,38,0,59
DooPhThao,6576aa82b74dc1430920e755,https://www.facebook.com/doophthao,2,41,12,7,1,19
0961931828,6470af042355c5caa757d8b1,,2,54,0,0,0,11
chocomint,635682d73aa22c4ad3e77545,,0,4,0,0,0,1
tuoi20toidasongnhumotconchodai,60ebe66b3583b555c24d9b77,,3,119,53,61,0,4
larant,6234ca0f0fac15a9f4e5174f,,2,212,38,73,6,4
JoongLexis,63a06574fe2dd120e8457f30,,1,4,0,0,0,1
Lsdtdd,63f5b200a139bd57bbbea746,,1,22,4,5,0,9
deedtt,60ebe68e3583b555c24dccaf,,3,227,0,0,0,7
vydayma,63ab3fd4571fa8f20cc28128,https://www.instagram.com/vydayma/,2,48,14,7,0,2
Veklyn,62dea6c20668a9fb68110f46,,1,20,1,1,0,1
quanglinh2303,6373a453f5565566f5bd66ca,,1,75,0,0,0,9
huyhoang001,64ff04906a95f60c75182f9f,https://www.facebook.com/profile.php?id=100088389530792,1,24,0,26,1,5
miubeo123,641de086f9d1e4e6cce9d8f6,,1,21,10,3,0,2
tkqb20,61e9280f0fac15a9f4e4c92d,,1,8,0,0,0,4
TheMerc,60ebe6393583b555c24d5424,,1,4386,0,0,0,78
chatnottrash,632385d2af71735438d9186e,,3,6,0,2,0,1
Kietly3619,623c49700fac15a9f4e51e15,,1,6,0,0,1,2
lyngocminh0147,61817b3647f5fe441387e828,,1,20,9,3,0,2
Vietanh11,60ebe6b33583b555c24e00fd,,1,46,26,4,29,8
vutanmai,63abde50571fa8f20cc28196,https://www.facebook.com/vutanmai.tn,2,2,0,0,0,1
Sporter,60ebe65d3583b555c24d8733,,1,64,4,15,21,52
Pissones,63f6d69aa139bd57bbbea86c,,3,4,0,0,0,3
rolfhs,60f92a51b4d801eae083de25,facebook.com/rolfhs0102,2,87,48,15,27,19
noemie25,60ebe6bc3583b555c24e0dac,,1,22,2,10,9,7
Duyen2211,66002ff7da477fce1eba976b,,2,32,32,0,1,3
Lincii,63909f87f49ab57267664421,,2,8,4,0,0,3
HopoNhanluu,60ebe6d83583b555c24e3555,,1,377,24,161,9,15
bobhibe,6494714f090ad4ab6d53cf81,https://www.facebook.com/bobhibe2708/,1,46,4,8,3,3
kentzuro,61352bace8b89c7af2ff9c24,,1,23,1,2,1,22
NguyenKim1471,65aa64bc67e2b8882b603962,,1,5,0,0,3,1
vietnamese24052000,60ebe7033583b555c24e712c,,1,394,89,107,2,85
conguyen38,60ebe6713583b555c24da308,,1,38,12,18,0,3
pitertrieu,654b2712543d9df59c024700,https://twitter.com/home,1,3,0,1,0,3
KhoiNguyen,60ebe65d3583b555c24d866d,,1,1088,174,245,0,87
andreasvu1998,64cb69ec5144604269f464f3,https://www.facebook.com/profile.php?id=100028101427320,1,232,23,90,0,12
MaiThanhHuy,6352c7639fc6fa9346f8ca04,,1,5,0,2,0,5
Hyang91,632e8bfb02427003756ae4f2,,2,12,2,3,0,4
Nfseg1234,60ebe7093583b555c24e79c4,,0,4,2,1,1,1
quynhanhtranng,64a3fac4090ad4ab6d53da1d,,2,16,0,0,0,8
thanlaw3792,60ebe64e3583b555c24d71bb,https://www.facebook.com/MrMonkey030792,1,47,22,11,10,10
mdn2406,60ebe6ab3583b555c24df5f4,https://www.facebook.com/nguyen.d.minh,1,395,104,109,2,35
greengrass99,60ebe6de3583b555c24e3cfb,,2,545,26,127,0,34
Alozal,6152f5896171fc19b619cc8f,,0,20,2,0,0,3
bichhuong,623c32080fac15a9f4e51dea,,2,14,0,0,0,2
tieuphamphu,6644abe5da477fce1ebaea98,https://t.me/cotdienbietdi,1,4,12,0,0,2
SonDao,60ebe68f3583b555c24dce64,https://www.facebook.com/SonnyD53/,1,132,14,74,0,14
Lovintoeducate,647c8c679e22cb4222b5d9ff,https://twitter.com/ToLovin164190,1,8,1,2,0,1
starling,633844ebe81cd92c892c8651,,1,113,34,14,1,15
minhanhtran,64edd2f9881b4c0f4306ec25,https://www.instagram.com/manh.di.viet.thue/,2,128,21,47,0,10
NorasNote,64df7a5c72e74fcb3ab03c73,,1,4,0,0,0,1
anhduc260920,60ebe70f3583b555c24e831e,,1,159,0,28,7,24
hueanhoctamly,65b50f7267e2b8882b6040d4,,3,121,26,41,1,7
ZenZen123,6396ffbcb1da265232223764,,0,1,0,0,0,1
changyaaa,65944e3113deb5e10fc37c41,,0,1,0,0,0,1
trueham,60ebe62d3583b555c24d4336,https://www.facebook.com/vu.khue.73997,1,5908,1364,4564,0,160
Surphi10,60ebe6323583b555c24d49f2,https://www.facebook.com/surphi10,1,1964,0,764,0,31
Vutrungnghia69,612e82050758a09bb1b48ab3,,1,47,0,0,1,11
yennhikxtb,63798863eda435dc6520b42e,,2,26,21,2,11,1
chuhuyen_5896,6315d343b7db2d344be05250,,2,4,0,0,0,1
coithi1011,60ebe6c03583b555c24e12df,,2,58,0,13,9,22
vuthanhnam94,60ebe6c73583b555c24e1cf3,,1,1929,229,777,7,178
qtqtqt,627734ea361cbb6709ca2692,,2,19,0,2,0,5
swimwriter,60ebe6743583b555c24da800,,1,422,301,89,21,53
ludolab,60ebe70d3583b555c24e7ee7,https://www.facebook.com/ludolabvn,1,548,0,245,0,148
justHieu,63b325e46bd87150f395c2b1,,1,25,8,3,0,5
windy0302,60ebe6623583b555c24d8eb5,,2,56,15,13,2,8
nclinhnhi,631ea5fa196b2de108e3488e,,1,46,16,11,0,5
ngthaiduong12,60ebe6723583b555c24da4ce,,1,15,6,2,4,1
PiccoloGufo,63a72857525ef24321b560d1,,0,2,0,1,0,1
pntranchau04,62cce0f9d2e114bfa045fc0e,https://www.instagram.com/win.win.09/,2,52,11,16,1,31
HoangEarl,60ebe6a43583b555c24debaf,,1,15,3,2,7,1
thesillyhorse,641259e22a0ebb610f46a0e5,,2,3,0,0,4,1
biglinha8,662ef7f3da477fce1ebac649,https://www.instagram.com/linhvu.blog/,1,19,1,4,0,2
sieuthicaulong,642a784257186b9d62d8bfc2,,1,2,0,0,0,1
nuocloc,60f04ab0c23be37ebf3794c9,https://maian.substack.com/,2,271,21,43,1,16
peloxchox169,60ebe6853583b555c24dbf75,,2,9,4,2,5,1
vanphuduong1994,645507c805940a6f26599084,,1,10,0,0,0,3
DinhNguyen,60ebe63b3583b555c24d5695,,1,2412,0,0,0,96
Huyentran83,6321efa607b92b25f8e86735,,2,2,0,0,0,1
tkhskwu,60ebe62d3583b555c24d4344,https://www.facebook.com/diepgaston/,1,142,72,33,5,18
thuongtin_no1,60ebe6ab3583b555c24df581,,0,24,3,4,3,5
minh456vt,63a87336525ef24321b56205,,1,13,2,0,0,5
Dothingocbich,60ebe69c3583b555c24ddfb1,,2,6,0,0,0,2
BongPham233,66403797da477fce1ebae2da,,0,14,1,3,0,2
Paragon,621ef8230fac15a9f4e5002a,,1,3,0,0,6,1
vinhkpnb123,64f43dfbfd57528dd13bddc9,,1,6,0,1,0,3
thaivanphat95,63db9ffbac6ce8aebd3d8546,,1,19,5,5,0,1
kiaconchim,60ebe63e3583b555c24d5b4d,https://www.facebook.com/groups/325356731763071/,1,8953,279,5366,2,99
kiendeptrai,63b2c7f26bd87150f395c23a,fb.com/ngxkieen,1,19,0,0,0,1
thdang1009,6409501b2a0ebb610f4696b3,,1,144,34,45,1,8
nhatm1nh,60ebe6333583b555c24d4af8,https://www.instagram.com/nhatm1nh/,1,521,175,1543,8,27
Kuanghoa97,612ba5b70758a09bb1b48471,https://www.facebook.com/quang.hoa.10/,1,42,16,3,1,40
khiem20tc,63a9ada8525ef24321b56309,https://www.anhkolamgidauanhthe.me/,1,99,25,12,5,10
yole711,60ebe64b3583b555c24d6d9f,https://www.facebook.com/profile.php?id=61550609112732&mibextid=ZbWKwL,2,3124,759,0,0,176
Congthang1205,60ebe69f3583b555c24de3bc,https://www.instagram.com/comnastro/,1,55,3,15,7,10
curiosity97,64d9ad635144604269f470a3,,1,8,7,0,2,1
just_lysia,65b7a7e067e2b8882b604287,https://www.facebook.com/ancomtroomoivutru,2,8,0,0,1,6
tredacbietlittles,64837da91997711e17cb1fc7,https://www.facebook.com/littles.edu,3,6,0,0,0,2
Duongthanhtrong2204,63be27e519bbdf6da0de34df,,1,7,4,1,3,1
blackangers123,60ebe63e3583b555c24d5b06,,1,108,0,0,0,8
duckyduck132,62c6e2e8e4b8dd7425e49c91,https://www.facebook.com/ngduck132,1,69,22,17,1,8
Gago27,611fea136a8e84378d7bc61e,https://www.facebook.com/giauten.banlinh.77,2,9,0,0,0,1
theblessedbear,63f0df2ff5d24a0126c1dc30,,1,22,4,5,1,1
buikimngan212007,64b0ee5548fda4f0cbce960e,,2,11,5,2,0,2
thuydo101,626aa230f77040fbfd57b8ba,,1,9,0,0,1,7
quynh0812,63d5004c2b513c8619a747f7,,2,3,0,0,0,1
nguyentthuytien00,63ea0034e18b3675f4a2d90e,https://www.facebook.com/co.tien.di.lacc/,2,40,7,3,0,7
thuthao97,62577d360fac15a9f4e538c6,,2,85,56,8,13,7
Ankycuncon,60ebe6543583b555c24d7a3c,,2,93,0,0,0,10
butchicun,60ebe65b3583b555c24d8438,https://manhhung.me,1,4,3,3,16,1
luuanhhup,63687239d4c8bf3ade6a9958,https://www.facebook.com/LuuAnhDkh,1,54,0,27,2,43
Brenna,650d594e23c462d26d3be176,,2,3,0,0,1,1
Tra_Mat_Ong,63590fe63629229a8dbc24c3,,2,461,0,39,11,58
Cam_Xanh,6527b15a218db718b7bdd1e9,https://www.youtube.com/channel/UCP_9vjVoTDutP8QYV3z0pkg,1,11,2,2,10,10
999999999,60ebe6a73583b555c24df039,,1,152,0,28,31,22
Hoangcanh1210,641ddd02f9d1e4e6cce9d8ef,,1,9,0,1,0,2
PHANMINHQUOC,645a6238becbccef28c3d1de,,1,3,2,1,0,3
the_sunflower_thy,6509bbac23c462d26d3bde9d,,2,30,6,3,0,13
sontdn,60ebe6ad3583b555c24df7f9,https://www.facebook.com/ngocson2309/,1,88,23,30,5,10
MarvelousSpidey,61092eae2b274ba68b87e585,https://www.facebook.com/marvelousspidey,1,31,18,0,0,10
Bleak542720,644ed786ca5c8ec2f4b5ea82,,1,1,0,0,1,1
mubaohiemxanhla,65dbe763da477fce1eba71ee,,1,6,1,0,105,1
blossblur,6177582847f5fe441387dd7c,,1,6,3,3,17,2
Tongquan,60ebe6dc3583b555c24e3a48,,1,17,6,2,0,4
HanhPhung,63fb1ae15c8fac8ebead2fc7,,2,6,2,1,0,2
tieututhui0kai,60ebe6b03583b555c24dfcbf,,1,8,0,0,0,4
tayvali,60ebe6703583b555c24da1fd,,0,217,16,154,1,5
dangthingocanh1999,63d3ee9f2b513c8619a746c0,https://www.facebook.com/dearintrovertpsychology,2,48,3,24,0,2
thngocbich,60ebe6503583b555c24d74d8,https://www.facebook.com/groups/ankienggiammocungu/,2,341,107,42,0,67
tinhthanthap,645625ea05940a6f265992b2,,0,1,0,0,0,1
bombom1692,649d7e14090ad4ab6d53d5a8,https://www.linkedin.com/in/dinh-loc-nguyen/,1,10,9,1,0,3
Molsminh1,60ebe6c93583b555c24e202b,,1,34,24,0,17,5
nghiattk27,64b37ed348fda4f0cbce97c6,,1,31,11,6,0,3
phuongthao120101,62e2335a0668a9fb68111335,,2,16,10,3,0,2
Mon2903,65b4fe6a67e2b8882b6040bf,,1,30,14,2,1,9
Mhnhehe,60ebe6883583b555c24dc41f,,2,3036,0,536,0,122
yuandunk,60ebe6413583b555c24d6003,https://www.facebook.com/profile.php?id=100020691143684,1,31,25,4,7,10
trandinhhuy88,60ebe6c93583b555c24e1fc4,,0,77,83,3,3,4
Stephanietran0212,614066ede8b89c7af2ffb17f,,2,48,1,17,2,6
maithuhai,65fb4be7da477fce1eba9216,,2,22,5,3,1,7
vvquang1penfield,655db697b74dc1430920d73a,https://www.facebook.com/vuong.quang.54,1,12,0,4,0,1
vyeon8989,646d82c7709d7bf565443d54,,2,17,2,0,0,3
robbie_scog,65ee030fda477fce1eba8303,,0,7,2,5,4,1
Chimdapchai123ks,63810685aa81b21f43b297b6,,1,15,8,5,2,2
tainguyen2810,62f7d7e90668a9fb681129e4,https://www.facebook.com/tainguyen.stkt2/,1,6,0,0,0,1
vietcunghuong,652e8946218db718b7bdd6ca,https://www.facebook.com/profile.php?id=100036320713528,2,27,7,3,0,9
minhngoc912,64b8fcd95144604269f456f8,,0,1,0,0,1,1
Lily,60ebe62c3583b555c24d425d,,1,935,349,111,6,37
rc09,60ebe6273583b555c24d3ba8,,0,798,0,0,0,26
duybnq,618d69de47f5fe441387f4af,https://instagram.com/viet_french_blog?utm_medium=copy_link,1,316,26,102,1,43
lapislazuli,60ebe6953583b555c24dd5de,,0,1,0,2,2,1
Quangthai,63171e8496533f7cb33c81be,,2,10,0,0,0,1
canhhoamuaha,63bbdb5b6bd87150f395caae,,2,3,0,0,0,2
jenoijen,61cb2b0147f5fe4413883a1c,https://www.instagram.com/yourjne/,2,217,19,39,7,22
Hoangdinh164,65f34246da477fce1eba8912,,0,8,7,0,6,1
huyhoang16122003,6305e22d0668a9fb681137ff,https://www.facebook.com/hoangtran16th12,1,22,1,1,2,7
LinHa2811,62e788cf0668a9fb681118ea,,2,38,7,4,2,6
linn10296,60ebe6d33583b555c24e2e04,https://www.facebook.com/a2zmarketing102,2,257,0,63,0,16
Ichigo,60ebe6c43583b555c24e1843,,1,35,9,2,7,3
thnauu,6370b53043c2fd214d59d4d2,,2,64,4,26,4,12
pandalala,64feb64e6a95f60c75182f62,,1,13,0,0,0,1
trungtruc149,60ebe6783583b555c24dad53,,1,56,10,15,35,10
hufflepuffy,636f61550652f6feb53b4be9,,1,7,0,1,0,2
Zincineliter,661a846fda477fce1ebab250,https://www.facebook.com/thesijourney,2,85,8,27,0,12
DangDuong,60ebe6c93583b555c24e1f3b,https://www.facebook.com/duongquydang,1,150,12,92,0,4
everybodyliesvn,60ebe6913583b555c24dd129,,0,26,7,6,0,3
Rockychan1995,630f27920a7ea8ea4f91e111,,2,18,12,2,1,10
sophienguyen412,60ebe6c43583b555c24e1926,,0,436,120,146,1,10
Krisnguyen,646a07a4709d7bf565443abd,,0,4,1,1,0,2
Mottieutu,60ebe6c63583b555c24e1bbe,https://www.facebook.com/saigonbooks,2,108,0,30,0,61
vandinh1310,656cb760b74dc1430920e10d,https://www.facebook.com/profile.php?id=61551930627559,1,3,0,0,0,2
Genderincine,63637eff69946dcab59c5366,https://www.facebook.com/Gender.in.Cine,3,4,0,0,0,1
nguyen07xg,651fe2b94e1c1b0675229ce0,,1,2,0,1,1,3
mtnguyen90,62d67d6e8ce53d08f5e027e0,,1,90,0,0,0,4
dinhthithuhien,60ebe6d03583b555c24e2952,,1,20,7,2,5,4
hatmuoinho,659ab1fe13deb5e10fc38106,,2,11,0,0,0,3
mituwriter,60ebe7053583b555c24e746e,https://www.facebook.com/haminhthu24/,1,63,8,20,3,7
meosaqr,60ebe6973583b555c24dd8b4,,2,109,26,18,8,15
ntcmhng,6526128a4e1c1b067522a13c,,2,1,0,0,0,1
NgocVu,6591b8fb13deb5e10fc37a9d,,2,2,1,0,0,1
Duckflying,635f7a3ee3a257449e86f1cd,Đức Đang Bay,1,1,0,0,3,2
ngovinhdata,634680fa1c3b1558d840b5a4,https://www.facebook.com/ngovinhdata/,1,154,21,133,1,64
jessica0191,60ebe6cc3583b555c24e2442,https://instagram.com/hongcam.pth?igshid=YmMyMTA2M2Y=,2,102,25,24,4,26
quocchan04,665b0901da477fce1ebb13d3,,1,4,0,0,0,1
escapingtexts,63777182eda435dc6520b237,https://maivq.substack.com/,2,79,22,8,0,9
duymanh2407,61416132e8b89c7af2ffb2f6,,1,12,8,2,8,2
phuongpham128,60ebe65d3583b555c24d8679,,2,713,0,181,5,33
thuynx,6169521a47f5fe441387ce96,,1,6,0,0,0,3
akirafang123,64274df4f9d1e4e6cce9e458,,1,40,18,5,3,1
johanpham2002,6416940c9f7ad172fca7d84e,,1,1,0,2,0,1
tkduong2211neu,6460df784712ee4a86a20e44,https://www.instagram.com/elyreid.9/,2,48,9,22,2,5
duongquan,60ebe64b3583b555c24d6db3,https://www.facebook.com/quan.duong.710/,1,9447,1987,3563,0,211
howboutplanb,646f09af709d7bf565443e90,,2,7,1,2,0,1
gianghi218,61b8421f47f5fe441388243d,,2,16,1,1,0,7
everyjennydays,65a3f0de67e2b8882b603462,,2,7,4,1,0,1
Hardry2108,650f20e423c462d26d3be2a6,,1,8,0,1,0,2
Kien2003,644cb961ca5c8ec2f4b5e8fa,,1,14,0,3,0,4
19hertz,61a6f7ea47f5fe4413880de9,,2,6,5,1,3,1
hoangphianhhong,64bf9fec5144604269f45b8b,,1,6,0,3,0,2
hhunggz2,60ebe6e83583b555c24e4b22,,1,4,2,0,1,1
Vi_Hoa,615120be6171fc19b619c8d2,,2,3,0,0,1,3
nhi_hexe,6336a6938b908df6584301eb,,1,6,0,1,0,3
Billy_Nguyen,60ebe7063583b555c24e7620,,0,3,2,0,5,2
Alizabeth,611bc2536a8e84378d7bbdea,,2,72,33,5,76,36
hieuedixon,60ebe6743583b555c24da7d1,,1,1754,0,547,64,42
vuadabong,636dc207043c7bd4a3d3cd0a,,1,7,0,2,0,2
hoainguyen123,62adc91febe5c5a56d7951ea,,1,8,0,2,2,4
levu2512,632acbf4b3d26ba41d59d5e1,https://www.linkedin.com/in/thinhvle/,1,95,14,25,0,14
catnhi,60ebe64a3583b555c24d6bb1,https://www.goodreads.com/catnhi,2,675,0,0,0,33
milkyway2k2,65787411b74dc1430920e8e5,,2,10,0,2,39,7
OldBuffalo,60ebe6813583b555c24db9f7,https://twitter.com/ThPhcng1,1,278,127,78,38,15
vienlomi,60ebe6343583b555c24d4d30,,1,67,57,12,1,5
hoangbom09,60ebe64c3583b555c24d6ee0,,1,135,29,11,0,14
huynhnhathoang,6395fa7d4ce711f0ab2d18c2,https://www.facebook.com/nhathoangCAH,1,2,0,0,0,1
PhungLap,61e122f50fac15a9f4e4c0aa,,1,97,21,33,0,9
ttnt_11,60ebe6b83583b555c24e07bb,https://www.facebook.com/tranthanh.nguyetthu.11/,2,523,109,0,0,24
Roxona1111,646c6ca2709d7bf565443caf,,1,6,0,0,0,3
kieuanhtu,64474cba8905f2fdf163f14f,,1,10,0,4,0,1
longnguyen09828947,60ebe6e33583b555c24e44c2,https://www.facebook.com/groups/SciFiReadersVN,1,331,0,0,0,45
freebirdflyhigh11,60ebe6693583b555c24d974d,,2,141,38,37,30,23
nguyenvanchi0606,60ebe6ad3583b555c24df7f7,,2,35,9,5,0,8
Minhquang1412,64660fa7709d7bf56544380f,,1,14,10,0,7,1
devonnguyen,662a2ebfda477fce1ebac1e6,,0,1,0,0,0,1
baduong,60ebe6ba3583b555c24e0ad1,,3,45,0,5,0,4
loveless2001,60ebe6393583b555c24d547d,,1,5156,2162,0,10,82
Duyson23894,60ebe6673583b555c24d94b4,,1,709,0,387,0,9
bichnguyen6882,60ebe6943583b555c24dd434,,2,68,9,12,26,15
quangvy263,61cb41dc47f5fe4413883a3e,,0,4,3,0,6,1
phucan,62ea6cc50668a9fb68111c5c,,1,10,0,7,0,7
nhaandaulungmoigoi,63350b512a4fdfc07e92dbb7,https://www.instagram.com/nhaan.daulungmoigoi/,1,11,0,0,6,7
thaoanhoi,64dd9f2c81dad93c392aa84f,,1,193,32,43,2,4
ngocnickm,62f15eac0668a9fb68112368,https://www.facebook.com/ngoc.nickm/,1,15,0,0,0,2
emilyphan168,60ebe6903583b555c24dcf1c,,2,19,4,7,2,6
Cumeriete,6233133d0fac15a9f4e515ba,,2,21,0,0,0,1
creative.shepherd255,60ebe6a43583b555c24deacc,,1,253,68,51,6,14
Kaitoparis,60ebe7143583b555c24e88dd,,3,89,60,6,35,60
HaiNguyen2049,642bce9d57186b9d62d8c143,,1,130,3,25,1,10
ToMyNguyen,6460dd154712ee4a86a20e40,,2,5,0,3,0,3
ht3index,64cb82915144604269f4651b,https://www.youtube.com/channel/UCxbqk-AOJfsrHyeMLdxCp5A,1,26,8,23,2,8
tolamaiphuongday,61cceeb847f5fe4413883be8,,2,431,0,131,0,15
hieusicula,60ebe6473583b555c24d67b2,,1,4,1,2,1,1
tungleg234,60ebe7063583b555c24e757f,,0,5,0,1,1,3
Duythai02,634cf6f799fb1e96f7105519,,0,26,15,1,3,1
bigheartfor,658fcea213deb5e10fc37922,,1,5,3,0,0,2
phuonganhhuynh2004,65add1c267e2b8882b603baa,,2,4,3,2,0,2
S3KO0713,60ebe6ff3583b555c24e6bc8,,3,42,51,0,1,2
Eli2021,60ebe7053583b555c24e749d,,1,16,1,1,3,20
hanimyyyy,60ebe6fa3583b555c24e657e,,2,11,5,0,3,5
Kurt_Donald_NguyenX,60ebe65c3583b555c24d8571,,1,158,14,31,20,46
thuythungth,62fb282c0668a9fb68112cc9,,2,7,0,2,0,5
be20again,6436e71fa38f7772e3927393,https://www.facebook.com/be20again,2,6,3,0,1,2
athuhuynh,664b73dada477fce1ebaf5d0,,1,5,0,0,0,1
Backturn,60ebe6793583b555c24daf26,,1,21,6,6,3,2
wolley,60ebe6f33583b555c24e5bb4,,1,32,16,3,1,23
nguyenchidung,64550ac105940a6f26599090,,1,4,1,7,0,2
longbinhtinh,6385534bd9ada2a5b4354b79,,1,1,0,0,0,2
NguyenDuongBaoMy2006,60ebe6a13583b555c24de73b,,2,409,0,0,0,45
Banhgau1506,60ebe6ba3583b555c24e0a9d,https://www.instagram.com/,2,70,24,13,13,7
Danhai1999,659be944982260cca55b71a0,,3,16,4,1,0,2
_Dothuykim127_,611878d81c6b0328e6cac1a8,https://www.facebook.com/ki.do.3701/,2,285,0,0,0,20
vietnamharmony,647c3a409e22cb4222b5d9c9,,1,5,2,1,0,1
quandinhh,63db2f1aac6ce8aebd3d848e,,1,21,0,3,0,5
Nguyenminhduc098,60ebe6dd3583b555c24e3c29,,1,20,5,4,0,7
KhaYen1,63446a5cf0e4178cb5c4f77e,,2,5,0,1,0,2
huyminh1402,63013a560668a9fb68113307,,3,22,1,2,0,7
cangtanpro1973,63567fd83aa22c4ad3e77540,,1,5,1,1,6,3
Nguyenphale,60ebe6fb3583b555c24e6635,https://www.facebook.com/phale.nguyen.1441/,1,51,25,7,5,5
Houtarou_Oreki,60ebe6f73583b555c24e60be,,1,13,0,0,0,1
Itscloudyhere,62fa847d0668a9fb68112c4e,,1,5,0,0,0,2
MightyPiggy,60ebe66b3583b555c24d9ae3,,1,1601,94,1320,0,11
crossdelena1990,646b137d709d7bf565443b74,,1,1,0,0,0,1
tranvanphuc,63b474226bd87150f395c424,,0,22,0,0,0,25
daciennguyen1904,64d460355144604269f46c5b,,1,14,0,1,1,7
PhanHuy,60ebe7053583b555c24e7455,,1,16,15,1,0,1
tiennwx,624930390fac15a9f4e52b84,,2,14,1,0,0,1
LeTanThuan,625393bc0fac15a9f4e5355e,https://www.facebook.com/le.tan.thuan.01,1,62,8,3,0,28
huymelon,64413f47acea4ec6b0a9cb6c,,1,2,0,0,1,3
Fantom13313,60ebe6973583b555c24dd99f,,1,23,16,3,20,7
anchido05,62825275a033dc0df81a95bd,,2,380,0,92,2,40
HuongVo,63fb00bb5c8fac8ebead2f97,,3,8,0,1,3,1
trungnamannd,64af758748fda4f0cbce94e0,https://www.facebook.com/nam.trannguyentrung/,1,17,4,5,0,2
hieuvo,60ebe68c3583b555c24dc9e1,,1,37,4,28,0,4
whysoez,636e7821575842eda0d82df0,,0,90,30,17,0,12
thanhdutheK2,632fe16aca937525ca3ccd61,https://www.facebook.com/thanhdutheK2,1,17,0,2,0,7
Thearadianer,651e6cef4e1c1b0675229be5,,1,19,0,1,0,16
kkkkkk,60ebe67c3583b555c24db2fe,,0,319,0,0,0,20
vophiduong404,65e96846da477fce1eba7e9f,,1,26,14,0,0,4
markusschool,60ebe6da3583b555c24e37da,,1,189,14,238,0,28
loversfromoctober,62c30a7ee4b8dd7425e49628,https://www.facebook.com/elise.young.5283/,2,168,78,61,4,12
nguyenquocquan,60ebe65d3583b555c24d8707,,1,131,53,16,49,11
geraltrivia,6620653cda477fce1ebab80f,,0,58,11,7,0,1
Kieu_anh,60ebe6943583b555c24dd4dd,,2,39,29,5,7,2
inrajakha,60ebe64e3583b555c24d7229,https://www.facebook.com/inrajakha/,1,5835,0,6702,0,27
ThanhThuy181,6500063c6a95f60c7518305a,,2,39,2,1,0,6
thinhjoey,6378f35aeda435dc6520b3bc,,0,4,0,1,0,1
HarroldXiaomi,643fdc12acea4ec6b0a9c99f,,0,3,0,0,0,1
Tuongcamkiem,64d5c00b5144604269f46d6f,,1,4,0,1,0,1
thergo21,6328e9a7cff36e4325609482,,1,55,16,6,22,8
kidu_0610,6254e3dd0fac15a9f4e53697,,2,1,0,0,16,1
JourneywithMay,63d8c7d6ac6ce8aebd3d8229,,1,25,4,7,0,8
Vectoluc,619bce3147f5fe4413880197,https://www.facebook.com/nguyenhuuluc158/,1,400,127,122,1,22
Rubi63,61a0424947f5fe44138805ec,https://www.instagram.com/rubiha_hmq/,2,41,9,6,0,9
scholar,65d5bb6fda477fce1eba6ca6,,1,8,9,0,0,1
Bom172012,60ebe7043583b555c24e729a,,1,182,36,29,7,10
vinhnguyen1994,60ebe6403583b555c24d5e66,,1,361,34,86,5,40
thuyngan1908,6156c3ee6171fc19b619d1cf,https://www.instagram.com/mercorner/,2,7,1,0,0,3
vytran68,64a25de3090ad4ab6d53d8bb,,0,3,0,0,0,2
kimcheese,60ebe63e3583b555c24d5bc0,https://www.facebook.com/kimcheese0608/,2,1090,161,337,1,52
anhh308,62b103c5ebe5c5a56d7958e9,,2,44,4,0,0,8
Ibagaro,665083ddda477fce1ebb00f9,,1,4,2,1,4,1
docsachdedepzai,648deabd090ad4ab6d53cb28,,1,8,0,3,0,2
ambitious_lk,64eec45f881b4c0f4306ecc1,,1,94,0,0,0,6
JackMichael,63fab4ee5c8fac8ebead2ee4,,0,8,0,3,0,3
Jessie1910,6456577305940a6f26599300,,2,52,12,14,0,5
tourist117,6363c4ede3f67bd414cedaf4,https://www.facebook.com/tientan.pham.18/,1,8,0,4,2,3
vgk1234,647032f4709d7bf565443f75,https://www.instagram.com/aikira_bookworm1919/,1,8,6,0,1,2
Thuongha,632e86cb5f6bef03218d9f90,,1,4,0,0,0,3
Viet1004,628d5e013e6e9cef9c14c924,,1,30,2,3,0,6
Tornad172,63cbcc992b513c8619a740bb,https://www.facebook.com/ntl294/,1,185,0,95,1,40
Ruskia,60ebe62d3583b555c24d4392,https://www.facebook.com/phamducToannnn/,1,1048,62,397,7,37
Orangee,6294cb473e6e9cef9c14d193,,2,29,0,0,0,4
vinasa25,63f0b4c41c3e23cecb1b82b5,,2,14,0,1,0,1
chientrm,63d4ff032b513c8619a747f5,,1,18,3,2,0,4
Tennohana,63f765685f62457f57a7d9c3,,1,3,0,0,1,1
TRAN_HOANG_NAM,60ebe6c83583b555c24e1e73,,0,14,0,1,1,10
NigNugen,64d8eaa85144604269f47012,,1,20,6,4,0,2
itscoolasian,66091ee7da477fce1ebaa10d,,1,14,0,5,0,4
Yochanme,62401f8d0fac15a9f4e52190,https://www.facebook.com/giotgiot,2,46,11,2,1,18
alozal2802,60ebe6653583b555c24d921e,,1,43,14,5,0,4
hiroshi4869,60efa8dac23be37ebf3793a0,,1,12,0,0,0,2
nakashinou,63f73fe15f62457f57a7d98e, https://www.youtube.com/@EnglishTranslator?sub_confirmation=1,1,17,7,14,0,6
dungtq4,64e8078572e74fcb3ab0441d,https://www.facebook.com/achoe1985/,1,39,6,3,0,14
anhduongqweqwe,64b2276c48fda4f0cbce96f7,,1,4,0,0,0,3
HaHaHa,60ebe63b3583b555c24d577a,,2,48,11,16,14,8
luulongtien2001,6310d9f96e902f2f49cd96f0,https://www.facebook.com/long.tien.561/,1,1,2,1,0,1
cavoitrang180,62482be60fac15a9f4e52a94,,1,183,110,19,7,6
diputsnn,63d638a32b513c8619a74910,,2,3,0,1,0,1
JidadDang,64c1f10d5144604269f45d44,,0,9,0,0,0,3
Jennyhoang,60ebe7123583b555c24e8696,,2,54,24,6,2,12
quoctrien,639350354ce711f0ab2d166a,,0,4,0,0,0,1
ducthongdo,650fb2ae23c462d26d3be2e3,,1,10,8,4,7,1
2killer102,6447eb450f3fbb2091450835,,1,1,0,0,1,1
lttragn,64e420a972e74fcb3ab03fce,,2,110,5,32,0,6
amphetaminh,60ebe6fb3583b555c24e665e,https://www.facebook.com/amphetaminh,1,197,0,0,0,7
Vinh1107,60ebe6ec3583b555c24e5145,,1,56,0,6,28,8
nguyengoc2023,6412d4342a0ebb610f46a19a,,0,24,0,1,0,31
Camelliahuynh,65d780d6da477fce1eba6e9f,,2,59,7,10,0,3
nguyenminhcanh,628a0fe33e6e9cef9c14c44c,https://www.youtube.com/channel/UCGRNFrUqvtzKko4pGjyQuPw,1,45,9,2,0,7
Japangermany01,60ebe6d23583b555c24e2c4e,,1,85,19,17,0,9
aceamericano,64cfb8775144604269f46881,,2,66,17,17,0,7
camelia,65374967e1565cb90a80f593,,2,19,9,3,3,2
phungtien219,60ebe6a73583b555c24df018,,0,3,0,0,0,1
Husky27,6118eef71c6b0328e6cac30d,,1,3,1,0,45,2
tuilamary,62f1c8130668a9fb681123b1,https://www.facebook.com/Tui-l%C3%A0-Mary-100102939502659,2,86,7,19,3,21
Nhatljnh,60ebe7013583b555c24e6e8b,https://www.facebook.com/profile.php?id=100011716537362&mibextid=LQQJ4d,1,169,83,29,26,21
IceBear,60ebe6e73583b555c24e4a3c,,1,115,80,6,0,10
steponyourhead,62e889750668a9fb681119f7,,1,10,0,0,0,5
MorningSaigon,64ed549c881b4c0f4306ebb3,,3,40,5,3,1,9
justme_duognne,654441b7543d9df59c024260,,2,28,15,2,2,2
Lory2014,60ebe7113583b555c24e84f5,,1,17,10,3,6,3
LoanThanh,64cdd3375144604269f466ef,,3,85,35,12,21,13
andrewnguyen,659ac16c13deb5e10fc38129,https://github.com/TheQuantScientist,1,72,11,26,1,1
asloppywriter,61608fce47f5fe441387c3cf,,2,24,0,0,0,7
kubothegsd,60ebe6a13583b555c24de72d,,1,539,129,254,10,14
notetogether,60ebe6a63583b555c24dee51,,0,18,7,4,49,10
Carota,637a17e6eda435dc6520b52f,,3,61,0,22,0,4
nguyenanhhuy03092004,60ebe7033583b555c24e7148,,1,20,0,0,0,5
nguyenhungphong,6342d90db8e1abfad9787281,,1,5,1,0,2,1
ThanhThanh,60ebe63a3583b555c24d558f,https://www.facebook.com/huyen.thanh.94043626/,2,589,84,209,5,51
DoanThuy,622030b70fac15a9f4e50183,,2,155,15,58,0,19
jinwritingsomething,65d632ddda477fce1eba6d5c,,3,18,0,2,0,1
ngocanhbui1411,630f8ba317eee468ef022e17,,2,57,30,3,1,9
creaturelovers,60ebe6c13583b555c24e13ca,https://www.facebook.com/TheCreatureLovers,1,670,131,168,14,49
bcminhtung,60ebe6bc3583b555c24e0daf,,0,11,5,2,0,2
attentiveascent,64541c1005940a6f26598fd3,,3,52,8,12,1,3
NAMOZUKI,63dc76caac6ce8aebd3d8613,,1,39,21,3,0,33
ngocminh2003,658eff7213deb5e10fc37897,,0,0,0,0,0,1
anormalme,63e655a0abf0541d95f0a8c0,,1,8,0,0,0,3
Uyen1101,63209dd2c4638b38d6423ea2,https://www.facebook.com/toto1101,2,29,0,0,0,4
dieuank0888,62fc90140668a9fb68112e22,,2,15,6,1,8,2
Seocat,643f49edec0b529dbe69a4e1,,1,74,8,18,3,10
phanvietquan,62bf05dfe4b8dd7425e48ff4,https://www.facebook.com/profile.php?id=100070054243612,1,275,53,45,2,5
tasynguyen,60ebe6553583b555c24d7c4d,,1,725,0,175,0,60
lamanhdat1998,643d2955a7bfff70c6a6f287,,1,4,0,0,0,3
elly_meomeoo,60ebe6ae3583b555c24dfa04,https://www.facebook.com/elly.lim.1617/,2,76,0,31,7,6
Lanphuongha1412,61913b7547f5fe441387f79c,,2,280,146,75,10,47
CompressedLogist,64e6f52c72e74fcb3ab042e9,https://www.facebook.com/profile.php?id=61553745836825,2,2,2,3,0,2
vuducthang190696,648a7375090ad4ab6d53c860,https://www.facebook.com/vuducthang196/,1,7,0,1,0,4
bluekiss,60ebe63e3583b555c24d5b8d,,1,1019,386,233,27,26
vudaoduyhung2010,648a8160090ad4ab6d53c879,,1,4,0,2,0,3
darylnguyen,60ebe6ec3583b555c24e5108,,1,82,21,11,7,13
Haangia,65559a28b74dc1430920d22e,,2,2,2,2,3,1
CizzuxlDuong,64c1284d5144604269f45cb7,,3,0,0,0,0,1
Huynhbe,6577b915b74dc1430920e80c,https://web.facebook.com/profile.php/?id=100004137720658&name=xhp_nt__fb__action__open_user,1,50,29,8,11,8
thaiducphuong,6327848a0f3a211b0dfd2d7e,,1,1045,129,243,0,52
nghianguyen226,65cc770dda477fce1eba64d5,https://www.facebook.com/wildfield226/,2,14,1,4,0,2
coffee2k6,63be8a5b19bbdf6da0de354a,,0,3,1,0,0,1
Tung0602,626ca691f77040fbfd57bb8d,,1,4,1,1,10,3
HMINGHDOK,60f8fb8fb4d801eae083ddca,https://www.facebook.com/profile.php?id=61552302599111,2,113,41,28,5,24
Cheshire,60ebe64d3583b555c24d706e,,1,1850,0,903,2,35
CassNguyen,6329fae89348a561c417380b,https://www.facebook.com/cassnguyen11121/,3,4,0,1,1,2
toituhocvn,60ebe6ec3583b555c24e5084,https://www.facebook.com/toituhoctoday,1,122,0,79,8,10
estormey18,612145690758a09bb1b46fd5,,1,97,28,27,1,7
windgiagia,60ebe65c3583b555c24d857c,,1,457,123,141,4,31
vtalk2022,62e975a10668a9fb68111b60,https://www.facebook.com/HocvienkynangVTALK,2,28,0,6,0,4
SonLam,63b39a906bd87150f395c2ea,https://www.facebook.com/sonlamwriter/,2,15,0,2,2,5
s1nonBH,6399f89ddbbe0e6ef77da904,baohoang.pyta,1,25,0,2,0,5
sonlam2606,60ebe67f3583b555c24db682,,1,15,2,6,1,1
luangooner,6350af14f515afa34c033092,,1,25,5,12,1,5
quocdatag3,630b35e3f55c6f59f40670fd,,1,472,54,152,35,16
toilaai1991,6506e93e23c462d26d3bdc0b,,3,29,16,9,1,2
nguyenminhdat30101978,6562d99fb74dc1430920da86,,0,6,0,0,0,1
ngotaitue0810,60ebe6ed3583b555c24e522f,,1,2,1,1,1,2
thaidoan868,60ebe63e3583b555c24d5a56,,1,69,0,40,1,11
cdthuan14,64409663acea4ec6b0a9ca21,,3,12,20,0,0,9
ngocblue,623c28880fac15a9f4e51de3,,2,113,2,20,2,10
Andanh2805,650285f36a95f60c75183211,,0,26,0,0,0,1
SadNone02,64ca84b25144604269f4646d,,1,34,13,9,0,2
feut_uth,631d4ed3e7caa6bf9453d576,,1,9,1,5,0,4
JimmyNguyen,613cc787e8b89c7af2ffaaf9,,1,61,10,9,5,6
lekhanh1210,6416efe19f7ad172fca7d944,,1,125,38,23,6,18
trietgiadota,60ebe62e3583b555c24d44c0,,0,92,0,0,0,6
Sim_Linh,65a2025867e2b8882b603304,,2,2,0,0,1,1
teacheur_D,60eff75bc23be37ebf37943c,,1,17,9,1,6,2
iamlows,60ebe6b73583b555c24e06cb,https://www.youtube.com/c/TiệmtạphóaTâmHồn,2,71,44,6,18,18
Nhatpx,632fb8e6e71c042200e6a81b,,2,6,0,1,1,2
Trangmint,62afdf47ebe5c5a56d79566c,https://www.facebook.com/trang.mint07/,2,5,5,1,0,1
luanvoco,65479dad543d9df59c02448d,,0,3,0,0,0,1
PotterFox2509,60ebe64c3583b555c24d6f6f,https://www.instagram.com/nguoilatathuong2509/,2,326,52,98,0,16
khanhduyueh,60ebe6793583b555c24dae40,,1,593,0,422,13,5
Vienduongtu96,60ebe6ad3583b555c24df8cc,,2,22,9,2,2,5
tranbao,62e75aa80668a9fb681118a2,,1,265,4,41,1,25
neverstopsharing,62ee4d160668a9fb6811205c,,1,3,0,2,0,4
khanhhao170103,650ea57e23c462d26d3be22d,,1,5,0,11,1,1
nhantd97,639dd86daee2b8aa9b2bdd6e,,1,7,0,8,1,1
trantuanst22,6224b8cc0fac15a9f4e506d1,,1,1669,135,870,0,22
abssome,60ebe6873583b555c24dc2ce,,2,22,10,4,1,3
kimchi200994,6655968fda477fce1ebb097a,,2,26,6,0,0,5
pingpride,638818acd9ada2a5b4354e96,,2,51,28,6,11,8
kocaycukk,61e43f1a0fac15a9f4e4c404,,1,19,1,2,0,2
beniestore,641067772a0ebb610f469e3a,,0,10,0,6,0,1
ctmt97,62f3325e0668a9fb68112527,,1,67,50,1,1,2
nguyenthai050403,63005a680668a9fb681131fb,,1,245,54,40,60,4
soixam03052005,643114a6bec98419a33c6981,,0,5,0,0,1,1
Hoduc2908,630b6e910b45a663bedd6b9f,,1,65,72,2,9,2
AlooMeansPotato,63eba371e18b3675f4a2db0c,,2,19,0,5,0,2
hoanganh2309,63a1d3ae525ef24321b55b96,,0,15,0,2,0,3
thaophuongthao,6397f8672709ff5966a9ed89,,2,14,5,1,0,6
zlatan2103,6641d041da477fce1ebae511,https://twitter.com/ThuongHieuStory,1,7,0,0,1,8
BlogcuaHazel,63f89dd95c8fac8ebead2c53,https://www.facebook.com/hienminhblog,2,23,3,2,2,4
HoangAnhh,60ebe6773583b555c24dabd1,https://blogvietlach.com/,1,28,11,6,19,4
linhthieu,643fb3adacea4ec6b0a9c955,,2,13,10,1,14,2
thuytrangne18,62fced100668a9fb68112e97,,2,1,0,0,0,1
Sa1988,65b6e63c67e2b8882b6041fa,,1,3,2,0,0,3
ngaynhenhangtroi,63ba6cdf6bd87150f395c966,,2,41,8,7,0,10
redygo12,60ebe6873583b555c24dc2d1,https://www.facebook.com/Arttuna.Creative.Inc,2,232,37,140,11,7
satori_musashi,65d70d18da477fce1eba6e09,,1,43,3,9,0,2
lathuongday,60f63991b4d801eae083d85d,,2,5,2,0,0,3
Nguyenthanhthuy,640c1cda2a0ebb610f469930,https://www.facebook.com/NguyenThanhThuyNuoiDayConTruongThanh,2,11,0,0,0,3
tehvietnam,64589fb105940a6f26599569,,1,3,0,0,0,2
Anhlavodoi,624853ee0fac15a9f4e52ad2,,1,8,2,1,0,1
toquecelular,6362bf91d6d5fd8f69394a34,https://toquecelular.com,1,140,21,41,1,24
tuan01643994059,630d7bb52b61c8a4d2a7df38,,1,7,4,1,0,1
zealian,60ebe65d3583b555c24d875e,https://www.facebook.com/vn.zeal,3,888,34,437,0,53
kimhanhj,60ebe6603583b555c24d8b02,,2,161,64,20,30,9
tranthanhdat,60ebe6463583b555c24d65e6,,1,83,26,13,5,6
Kenkenken,60ebe68e3583b555c24dcbf3,,0,27,14,3,12,3
freefonto,641940063da4d0cfd000a8b2,,1,20,0,2,2,3
chiepclass,637c4e93aa81b21f43b2913c,https://www.instagram.com/bachhoa.vienvong/,1,49,1,18,1,15
thunhoibongdethuong,60ebe69f3583b555c24de48e,,1,14,0,9,0,13
jasminelearnstoeat,64c77da85144604269f461e4,,2,15,0,0,0,3
Kiratran,63fb0f2c5c8fac8ebead2fae,,1,39,4,15,0,44
hnhdr1012,651e067b4e1c1b0675229b73,,2,14,3,3,9,3
quỳnh,60ebe6a03583b555c24de66a,,2,12,0,0,0,3
Wenzee48,645a1b9dbecbccef28c3d155,,1,12,1,0,0,13
ngmich,60ebe6853583b555c24dbf0b,,1,0,1,2,0,1
thai01thlcb123,62ff22ea0668a9fb681130a6,,1,9,3,1,0,3
akihmt,60ebe6de3583b555c24e3cc0,,1,149,16,60,0,8
shinukiyoo,65cca2f9da477fce1eba6506,https://www.instagram.com/shin.wthsugar/,2,45,16,6,0,9
nhutnguyen,6308b9a4869157076f6c171e,https://www.facebook.com/ntnhut/,1,113,12,33,0,1
wiziininc,615f05b647f5fe441387c1af,https://wiziin.com/,1,3,0,4,0,2
giahan_tch152023,644f7cfaca5c8ec2f4b5eb05,,2,6,0,0,0,3
Taylor_04,632219110d4ec629c048162a,,2,9,4,1,0,1
BINHBUNGBIA123,60ebe6683583b555c24d966f,,1,51,4,5,2,24
Parker_Dinh,62b19bf066a04482f524b641,,1,18,2,1,3,6
manhphuc2107,60ebe62e3583b555c24d452c,https://www.facebook.com/manhphuc2107/,1,1594,469,249,5,139
vutlonq,60ebe6ff3583b555c24e6c8f,https://www.facebook.com/vankhoa.thu/,1,869,0,207,0,57
Duongdi,60f39c81ea8dbe343c82a04f,,1,23,0,2,0,13
Quynhanh1412,64ee28a9881b4c0f4306ec6a,,1,5,0,0,0,1
Quyetvan,61accb0047f5fe44138813f5,https://www.facebook.com/iamquyetvan/,1,86,8,13,0,26
meznkim,65b6e57167e2b8882b6041f8,,2,6,0,0,0,1
hoangdinh,651bd9264e1c1b06752299bf,,0,2,0,0,0,1
huykaibajo,60ebe6b93583b555c24e098d,https://www.instagram.com/pandahoangda/,1,12,3,1,3,2
hocsinhchuyensinh,60ebe6423583b555c24d60b3,https://www.linkedin.com/in/anhndqcv/,1,61,56,3,2,5
lutridung2001,65befa5eda477fce1eba5e13,,1,39,0,0,0,6
vied281,60ebe6fa3583b555c24e6461,,2,23,0,12,0,4
Tornad,60ebe6333583b555c24d4b68,https://www.facebook.com/Tornad294/,1,8810,0,6698,1,90
nvhcuong96911,60ebe6ce3583b555c24e26c9,,1,2,0,0,0,1
_justlyly_,60ebe6753583b555c24da854,,2,293,15,110,43,22
imindMan,64f343f1eae25d869c4d7b38,https://github.com/imindMan,1,89,36,23,1,13
vuongtieuha,60ebe6513583b555c24d7558,,2,22,0,7,4,7
duchiep147,6268172a78478547e057bb56,https://www.facebook.com/flimblog,1,21,10,3,1,9
KieuLoc,62a22c0bd098a7729bf82857,,1,16,7,1,2,3
brickfuogg,65fa6823da477fce1eba90ee,,1,12,8,2,4,2
victorpham,60ebe67b3583b555c24db0ee,,1,24,11,6,1,10
Finish,62aee157ebe5c5a56d79544b,,1,7,5,0,0,2
thesignal,60ebe64d3583b555c24d7096,https://fromduon.tumblr.com/,1,31,0,0,0,10
letchunthink,624040e10fac15a9f4e521b8,,1,11,4,0,3,2
Vananh06,61684fda47f5fe441387cd4b,https://www.facebook.com/isianh00/,2,15,0,2,1,11
NguyenVanMinh,60ebe6e83583b555c24e4bd7,,1,34,0,14,0,11
CatherineTuong,60ebe69c3583b555c24de0c9,https://www.facebook.com/tuong.ngoctrinh09,2,85,16,23,0,17
Thuy_Duong,612c86f30758a09bb1b485fd,https://www.facebook.com/thuyduongcoay,2,7,0,0,0,1
Vell_1712,6444befec60cf5aaa391317b,,3,7,1,5,0,1
Lim_11,63fed0bed64ce2f6b02bfb90,,2,6,0,0,3,2
laina9640,63636e3cc056f0c9b345a969,https://www.facebook.com/lilimkiss.75/,2,5,0,0,0,4
lehoangphuc747,60ebe6453583b555c24d64f0,https://www.facebook.com/tui.la.phuc747/,1,112,0,0,0,3
urmysunshine,642bec2b57186b9d62d8c16c,,1,10,1,0,2,4
NTMN_Spiderum,62b6938836812670705732b8,,1,221,17,156,6,21
Poohhh,613ea61ce8b89c7af2ffae06,,2,11,2,0,0,6
nghuuchien,60ebe6b63583b555c24e0472,,1,42,4,7,2,10
alisontruong5139,60ebe6aa3583b555c24df38e,,2,78,12,31,2,8
HELLOSPIEDRUMANNDWORLD,63f4d6665c682c4712632e39,pinterest.com,1,9,0,2,9,11
happy_666_words,63df5bc7ac6ce8aebd3d88f2,,1,1977,167,1122,1,23
HUUPHUC,62ad4f0aebe5c5a56d7950d9,,1,2,1,0,0,1
maiquangsang6636,6631a1cada477fce1ebac8e7,,3,3,0,0,0,2
hoaitx,65b75b0067e2b8882b604236,https://www.facebook.com/ti.sohotsoyani/,1,14,6,2,0,2
LittleC,648edc68090ad4ab6d53cb9d,,2,31,8,0,0,11
makevngreata,650f17c223c462d26d3be29a,,2,36,12,10,1,6
river_dabone,65bba37767e2b8882b60451e,,2,1,0,0,0,1
trinhnnattuan,60ebe6413583b555c24d5ed3,https://www.facebook.com/paracetamolhonmoixa,1,2386,0,0,0,186
duyminh3438,65a6304367e2b8882b6035ec,,1,1,0,0,0,1
viminhkhanh,64bbe2435144604269f4590c,,3,59,8,10,0,1
Lawliet_,62283aed0fac15a9f4e50a38,,2,6,1,0,39,1
Derek173,63b0b9706bd87150f395c048,,1,14,1,1,2,3
noreplyputin,661f92c5da477fce1ebab761,,1,5,0,0,1,1
nguyenthitunhi,60ebe70a3583b555c24e7ac8,https://twitter.com/tunhi_30,2,38,6,10,2,32
fromnch,613da4e1e8b89c7af2ffac3c,https://www.facebook.com/profile.php?id=100071171090804,1,183,0,118,0,30
AnhTiBi,62fbaea60668a9fb68112d8d,https://www.facebook.com/AnhTiBi/,1,23,8,1,2,13
penguinlearnfly,618a6f4b47f5fe441387f19a,,1,4,0,1,2,1
Hitaka,610b956c2b274ba68b87e9e2,,1,44,0,0,0,4
Mingngoc,649414b3090ad4ab6d53cf30,,2,2,0,1,0,1
MSRider203,645d09e3becbccef28c3d545,,1,7,0,4,0,1
avocadolover,64a53799090ad4ab6d53db2b,,2,3,0,0,0,1
thanhlong99,63806a65aa81b21f43b296b4,https://www.instagram.com/tran_nam_long_/,1,136,44,22,7,9
Kaiclops19,60ebe6923583b555c24dd1a9,,1,6,1,4,0,8
tuanle208,60ebe6eb3583b555c24e4f36,,1,170,19,166,0,17
Meme5240,65f14bfcda477fce1eba8658,,3,1,0,0,1,1
larry_nguen,64cc84f35144604269f465e8,https://www.facebook.com/whispers.of.the.heart.blog/,1,30,14,6,3,4
tranhuytrinh,64a398ff090ad4ab6d53d989,,0,19,7,2,4,3
DangManh,657531dbb74dc1430920e654,,1,13,1,2,0,4
SonPH088,64326f44bec98419a33c6b16,https://sonph.space/,1,20,2,2,0,4
Vuhongnguyen,63846b7baa81b21f43b29b3b,,0,5,0,1,0,1
animalshugo,63de3f10ac6ce8aebd3d8807,,1,49,5,0,0,12
Hiver11,60ebe6cd3583b555c24e2518,,0,4,2,0,4,3
cpp219,63233f670bdfd6507f1fd2aa,,1,6,1,2,0,1
Quynhanh0101,63fb04095c8fac8ebead2f9a,,2,53,1,17,0,10
nguyenph,65300ee5218db718b7bdd816,,0,1,0,0,0,2
dohainam,64deed788c1a828e8b935bd6,https://www.facebook.com/profile.php?id=61550224110982,1,6,4,1,10,1
Phamdangbku,60ebe6b33583b555c24e00bd,,1,117,5,35,2,26
uocvongmuondoi,64ef2ccee22e3038c7e9c197,,0,9,0,1,0,1
Stormervippp,60ebe7133583b555c24e87e3,,1,12,0,1,4,4
legiahung,60ebe6593583b555c24d8175,https://www.instagram.com/zahgle/,1,302,0,63,0,3
tuyencu,641880a49f7ad172fca7db56,tuyencu.fb,1,3,1,0,0,1
Nctheadhunt99,63b395206bd87150f395c2e1,https://www.linkedin.com/in/nguyencamtuhunt99/,2,10,2,3,2,3
tranphuongmai,60ebe6a93583b555c24df287,,2,30,6,10,16,13
khungbo0134,60ebe6343583b555c24d4c8a,,0,51,49,4,77,1
Levi,60ebe6273583b555c24d3b99,,2,4476,1510,7319,205,63
VietnamSocialMovement,63e8d2c6abf0541d95f0aabf,https://discord.gg/r2GKHZhGMD,3,48,20,29,2,16
kenziix,6432b0c4bec98419a33c6b6a,,1,8,3,2,0,3
hamhoc,60ebe70b3583b555c24e7d62,https://www.youtube.com/c/HAMH%E1%BB%8CC,1,607,0,183,0,30
thuylluu,60ebe6f33583b555c24e5a99,,2,15,0,0,0,3
thuongnam,65a5f16567e2b8882b6035bc,,0,3,0,0,0,1
Ungdungttb,652fdf3d218db718b7bdd7d5,https://www.youtube.com/@UngdungtrongTuibung/featured,1,3,0,3,0,4
trinhtuanhung,60ebe6f93583b555c24e63c6,,1,303,346,6,25,4
JennyXu,60ebe62d3583b555c24d4306,,2,1354,202,307,10,131
BasTaan,60ebe6af3583b555c24dfa94,,1,86,15,0,0,44
godsastray,6335c76d4ea623d8b0d6e6bd,,1,2,0,1,0,2
dungco26032004,63b95f536bd87150f395c89b,,0,1,0,0,0,1
Hao992001,60ebe6823583b555c24dbac8,,1,23,9,10,0,2
tuannb0413,62f8f3d50668a9fb68112ab3,,1,52,9,63,0,12
hoaphuong,642fc253bec98419a33c6820,,1,22,0,2,0,7
Hoainguyencs948,60f796b6b4d801eae083db50,https://www.facebook.com/kristina.nguyencs/,2,405,90,51,3,126
Drazen126,60ebe6663583b555c24d9463,,1,37,0,0,0,9
only_morality,64f6075cfd57528dd13bdf35,,1,27,11,5,6,3
quanmcpe2004,625ac92c549105a727996188,https://www.facebook.com/MayGamerVN/,1,5,0,0,1,4
KhanhNguyen_05,6325b58d1ecfefed42892550,,1,440,0,98,0,22
Takamine,63be183d19bbdf6da0de34c9,,2,71,18,5,0,55
Nguyenngoctien0805,62b01e36ebe5c5a56d79575e,,1,9,1,0,1,5
anhvutk295,657d6a1413deb5e10fc36cda,https://www.facebook.com/vuvuvietnam,1,2,0,1,0,2
Gausp,60ebe62f3583b555c24d4639,,3,2337,0,4359,0,27
huongnguyentt,62087f8f0fac15a9f4e4e483,https://huongnguyentt.vn/,2,148,65,18,0,42
nguyenthibichngoc2811aof,60ebe6b63583b555c24e0576,,2,69,20,3,14,23
Phenkya123,60ebe7123583b555c24e86f0,,1,60,30,10,14,12
BRYANT,660d17abda477fce1ebaa53f,,1,2,0,0,0,1
toandk,63021db80668a9fb681133d3,,1,37,7,14,1,5
maelthuykha,661e3c03da477fce1ebab5fc,,1,10,6,0,0,1
Vitcon2510,6505551523c462d26d3bdaf5,,2,15,2,1,1,3
freebow1307,60ebe6af3583b555c24dfa6e,,1,5,0,0,0,1
janeparker,62682b2107efc548a34f4c04,,0,8,4,1,2,3
chanluuduc,60ebe7113583b555c24e8556,,1,81,0,0,0,21
hoanglong26,6411845e2a0ebb610f469fc7,,1,22,9,0,0,1
lecongthanhptnk2802,6352d5230f106296900c1b07,https://www.facebook.com/2225PTNK/,1,72,16,17,27,11
cuongblah,63b1ab556bd87150f395c12f,https://twitter.com/cuongdsgn,1,30,4,4,7,1
NhatBaoVN,60ebe62d3583b555c24d43ec,https://www.facebook.com/nhatbaovn,1,5684,0,3283,0,445
huytb1103,6569510fb74dc1430920deeb,,0,7,0,2,2,1
maithanhyen,60ebe6f23583b555c24e59c1,,2,18,3,2,0,6
theenglishcup,64701f1a709d7bf565443f66,,0,80,67,0,3,4
Kimthanh11,61b3581747f5fe4413881d62,,1,30,1,5,16,12
buidanmo,63283d5089e55137fe39d90b,,0,1,0,0,0,1
minnguyen9601,60ebe6393583b555c24d544c,https://www.instagram.com/midori.reads/,2,56,2,0,0,21
AZalkamaar,60ebe7033583b555c24e71a6,,0,33,7,5,0,3
Serin2003,60f3fea7ea8dbe343c82a129,https://www.instagram.com/panic.pal/,2,24,5,7,3,8
kylethanatos,622855240fac15a9f4e50a62,,1,21,4,4,1,5
kieuchi,654a4072543d9df59c024687,,2,62,19,6,2,28
thangbdm0012,62d2cca17684a41fd98430d4,https://www.instagram.com/thang_buii/,1,72,17,34,0,3
NgocLan00,640d4eff2a0ebb610f469a62,,2,15,4,0,3,2
anhngocbui,60ebe6c13583b555c24e150f,,2,0,0,0,0,2
Ngocpsycho,6586a85413deb5e10fc372d0,,1,8,0,3,0,4
hoangvietanh2411,60ebe67b3583b555c24db204,,2,564,134,161,9,31
caokhanhlinh,62d234337684a41fd9843018,https://www.facebook.com/khanhlinh.cao.22/,2,7,3,0,0,7
vanxuong,6430c987bec98419a33c6907,https://www.facebook.com/EganandFarrer,1,188,32,82,0,2
thuong_moon,632fb011556c2420177951e7,,2,191,27,58,1,8
nonono,652529b34e1c1b067522a08d,,1,4,1,2,0,1
nhungnguyen123,63f084861c3e23cecb1b8283,,2,39,0,0,0,1
letuhoang2003,60ebe6893583b555c24dc5dd,https://www.facebook.com/hoang.letu.790/,1,40,17,11,47,4
namdzhb,60ebe6b03583b555c24dfc26,,1,31,16,1,7,7
narcynguyen,63e209a9ac6ce8aebd3d8c20,,2,520,264,108,36,38
diep11,64b589255144604269f453f2,,2,11,2,1,0,7
freevideocutter,628d75a93e6e9cef9c14c930,,3,14,12,5,1,11
chimichanga,6547bc31543d9df59c0244bd,https://www.instagram.com/npt1161/,2,29,9,7,3,6
Sangpt2004,66125921da477fce1ebaaa1b,https://www.instagram.com/if.carthyy777/?hl=en,1,13,3,1,0,9
thientinh10,6213ad140fac15a9f4e4f2dd,,1,2,0,1,0,1
diemtrinhishere,65c46f41da477fce1eba6154,,2,1,0,0,0,1
Congyb21,631fb13308e57211b638b643,,1,17,3,4,1,3
dqcuong369,643ab2395159e82d7e77682a,https://www.facebook.com/DQCuong3699/,1,10,0,0,0,1
quynhchij,60ebe6e33583b555c24e4458,,2,12,0,0,0,4
mohamedcanslim96,651bddd44e1c1b06752299d2,https://www.facebook.com/changbietdanhtrunglagi,1,4,0,0,0,2
valse_huynh,60ebe6433583b555c24d624e,,1,264,28,97,2,22
Lananh3101,60ebe6c73583b555c24e1c8e,https://www.facebook.com/lananhpham3101/,2,32,1,3,1,16
trieunguyenky967,6606431eda477fce1eba9e2b,,1,9,4,0,0,2
Mytwingo,60ebe63c3583b555c24d5814,,1,5540,0,7475,3,61
xuannam99911181,60ebe6943583b555c24dd545,,1,176,91,47,13,12
droogogan,630626630668a9fb6811386a,,0,1,0,0,0,1
dariusdo,60ebe6f93583b555c24e62b3,,1,270,26,60,27,23
Duongducthinh,60ebe6fe3583b555c24e6a97,,1,21,3,3,19,8
T9220401,64f16278e22e3038c7e9c318,,1,4,0,0,0,4
thebookbinder,60ebe6a93583b555c24df1f1,https://www.instagram.com/papelytinta.hanoi/,1,129,32,68,3,18
cuongdigital,60ebe6d73583b555c24e33c6,,1,197,23,59,0,38
tikhung01,60ebe6583583b555c24d7fdf,http://facebook.com/minhtu.le.714,1,324,15,123,16,50
please,60ebe6253583b555c24d3923,,1,11160,0,12507,0,72
jaydenngo,60ebe6993583b555c24ddc50,https://www.facebook.com/ivanistyping,1,172,20,44,0,55
VoLeHieuNhi,62e17ad50668a9fb681112a4,,2,8,0,1,0,2
hongoc995,63824a0baa81b21f43b29918,,2,6,0,0,0,1
humanity_gang,62e351430668a9fb6811145b,,1,54,0,0,0,5
Dkhoa703,64fd61086a95f60c75182e34,https://www.facebook.com/Sharkeii,1,2,0,0,0,2
tranviet9999,64a2b809090ad4ab6d53d8f5,,1,4,0,2,0,1
dangkhoa275,660cd953da477fce1ebaa4e5,https://www.linkedin.com/in/dang-khoa-pham-8985785b/,1,2,0,0,0,1
autrungtinhnghich,64b3651048fda4f0cbce97ae,,2,8,3,2,1,1
Phuckhoi,614c62bc6171fc19b619c1a1,,1,31,9,0,3,10
zedd1403,619ba77147f5fe4413880149,,1,2,0,1,2,1
phuc2306,622a0b3d0fac15a9f4e50c86,,0,13,1,0,1,1
Nguyenminhquang,620277070fac15a9f4e4ddad,,1,5,0,1,0,3
thuyaction,6355fb7162ac043dde9b3711,,2,5,2,0,0,2
Thienan123,64bbc3d55144604269f458ed,http://www.youtube.com/@Tfamn-eo369vm,1,11,3,2,0,2
phanhuynhmo09,645aeeb3becbccef28c3d25d,_lostinmereyes,3,36,0,0,0,4
Paya149,60ebe6c13583b555c24e13dc,https://www.facebook.com/Drilmer,1,138,6,36,13,17
lethithanhha,65d47c57da477fce1eba6b6d,,2,16,0,1,1,13
thinguyen,60ebe6613583b555c24d8cb5,https://www.facebook.com/thithamhanoi,2,436,0,58,7,60
queanh22,60ebe6ad3583b555c24df823,https://www.linkedin.com/in/queanh22/,2,25,16,3,56,8
cuncontapyeuem,632f0496ff925e150fc9ad56,,1,4,0,1,1,3
reviewlinhtinh,6234c3fd0fac15a9f4e51745,,0,5,13,0,0,2
damquoctuandz,651aba364e1c1b06752298cd,https://www.facebook.com/toghetcauuu/,1,6,1,2,0,1
cfe554da,64684b12709d7bf56544396f,,2,6,1,0,6,3
dungthan05,64c39f815144604269f45e86,,1,28,16,3,0,4
dangyeu77,60ebe6a83583b555c24df0bf,,1,0,0,2,0,1
linhvu2308,60ebe6d33583b555c24e2ddc,,2,6,1,1,2,4
dafloriss,652b5be6218db718b7bdd46b,,1,8,1,0,2,4
heri89,63eca9a6e18b3675f4a2dbdb,,3,7,1,0,1,2
VietKhang,60ebe70c3583b555c24e7e5f,,0,63,0,0,0,33
Thanhnt238,63e90892abf0541d95f0ab0c,,1,123,11,29,0,4
Hangthanhthanh,62cb7bcfd2e114bfa045f9ed,https://www.facebook.com/profile.php?id=100011331780918,1,10,2,3,1,3
C0979945334g,640f3f1b2a0ebb610f469cdf,,1,133,41,31,19,2
UyenThanh22,64af713548fda4f0cbce94d7,,3,48,5,2,2,36
bryann105,60ebe6fb3583b555c24e666e,https://www.facebook.com/bryann510,1,736,99,282,2,40
toanecom132,60f984e0b4d801eae083df08,,1,81,8,27,14,38
SteveLe,642315d1f9d1e4e6cce9dedb,,3,7,3,7,0,5
chonnguyen,61979b9447f5fe441387fd70,,1,14,8,4,0,5
DungEz,60ebe69e3583b555c24de343,https://www.facebook.com/dungez2411,1,642,77,232,6,19
Michel,63b3da526bd87150f395c33d,,1,45,18,5,8,11
vietanhisme,635c426a87625df9b81d694c,https://www.facebook.com/vanh4869,1,15,10,1,10,1
Haivan,60ebe6f03583b555c24e5760,,1,487,0,113,0,20
bingo_without_o,62b568153681267070573115,facebook.com/binhphan.614,1,4,1,1,5,1
forelsket,63b95bfb6bd87150f395c897,,2,10,0,1,0,3
Chanomi,60ebe65c3583b555c24d8546,,2,139,21,0,0,9
suaxam,60ebe6893583b555c24dc59d,https://www.facebook.com/deeptalkwithMonet,2,2367,384,0,29,68
Trinhthidiemthanh2005,655255c5543d9df59c024b90,,2,31,9,0,0,6
Trinhpham,611cdeee6a8e84378d7bbfe6,,2,60,4,10,5,15
spidermanduc,652aa792218db718b7bdd415,,1,66,6,15,17,4
huynhdophugia01,63aaab14f2a7ace0e219f8a7,,1,5,0,0,0,3
LinhNP_2512,60ebe6653583b555c24d925f,,3,3,0,2,0,1
fifawoncup2000,60ebe65e3583b555c24d8836,,1,166,0,25,0,2
ngndieuanh,60ebe6843583b555c24dbe53,https://www.facebook.com/ngndieuanh/,2,443,48,199,0,14
Nghiencuulichsu,60ebe6a33583b555c24de9b5,,2,496,8,321,0,41
VGFinsights,64e2c9db72e74fcb3ab03eab,https://www.facebook.com/vgf.insights/,1,3,0,0,0,2
SimpleMan,60ebe6463583b555c24d666f,,1,677,88,263,5,39
volapphuc,65c3bc19da477fce1eba6121,https://www.facebook.com/volapphuc?locale=vi_VN,1,2,1,0,0,1
Sang1982,60ebe6473583b555c24d6748,https://www.facebook.com/docaosangpta,1,2133,283,888,11,137
pencilAries,60ebe6443583b555c24d637a,,0,86,28,27,6,18
JACKNGUYEN,60ebe6c13583b555c24e1522,,1,9,2,4,3,4
nhartminh,6235a6e90fac15a9f4e51803,https://www.instagram.com/thereading.culture/,1,13,2,0,12,5
nhattien2004,64a2cfc0090ad4ab6d53d90d,,1,1,1,0,12,1
Ducki2410,63778963eda435dc6520b257,,1,7,0,4,1,1
anhthu6804,642af28a57186b9d62d8c07e,,2,4,0,0,1,1
_annvu192,648a9b65090ad4ab6d53c89e,,1,6,2,1,0,1
lien0085,6496957c090ad4ab6d53d0ba,,2,57,7,7,2,3
hoangmanhdieu,61eb45190fac15a9f4e4cb7b,,1,136,127,7,5,7
fat_tuna,60ebe6573583b555c24d7df8,,3,862,0,357,10,35
trithong2705,6326836b322fa8f844697652,,1,5,0,2,1,1
jimmybuoitoi,633d4ae76f8fbe5557bbd44e,,1,90,28,18,0,4
mayalin,627135d5f77040fbfd57c700,,2,9,2,1,1,4
tranngocnhauyen,63a724ae525ef24321b560ca,,2,8,0,0,1,5
spiderum97,647d47e49e22cb4222b5da78,,1,15,4,6,0,5
Zeze_dreamer,60ebe6393583b555c24d544e,https://www.facebook.com/Avocat.bo.98/,2,531,0,142,15,48
weare9a8,60ebe6c93583b555c24e1f05,,0,63,11,4,1,11
dnkhanhhan95,60ebe6d33583b555c24e2df6,,1,164,0,36,0,14
doraeming_0308,64eea6f4881b4c0f4306ec9a,https://www.instagram.com/mich.podcast/,1,1,0,0,0,1
lau0au,65bef4a7da477fce1eba5e0d,,1,5,0,2,0,1
emyeuconan,60ebe6693583b555c24d97e2,https://www.facebook.com/trangdangzhd/,3,67,11,6,5,8
Denbien,6533b12e218db718b7bdda2a,,1,2,0,1,0,1
PhucAN,62f6988f0668a9fb681128b7,,1,17,26,1,0,3
Forensix,60ebe6393583b555c24d53ba,https://www.facebook.com/hexpionn/,1,8026,0,8734,0,94
hoangmangts,60ebe65e3583b555c24d890d,,1,16,4,5,30,6
KhanhTrang,64d9fe595144604269f47129,,0,4,0,0,0,2
LeAnhTuan,62fef7d30668a9fb68113061,,1,61,3,6,1,4
MinLee,60ebe6953583b555c24dd5b1,minh.leduc.0210@gmail.com,1,23,3,8,8,6
Redsaber12345,62da89f28ce53d08f5e02cfd,,1,3,3,0,2,1
Joana123,64e32f6072e74fcb3ab03f2e,,0,3,0,2,0,2
kysulienminh,62ee5c620668a9fb68112071,,3,5,0,5,0,3
kirinmnbxz,6193215f47f5fe441387f939,,1,9,3,0,24,2
Dongminhan,633beaf24192baefe50c9fac,,1,1,0,0,0,2
NGUYENDUCPHUONG,661012b5da477fce1ebaa83b,,1,13,2,2,0,2
michita,60ebe6523583b555c24d77d7,,1,41,20,5,2,2
CodeCuaCao,63916f42f49ab572676644ee,https://www.facebook.com/CodeCuaCao,2,8,0,1,0,4
Legolas,60ebe6803583b555c24db94e,,1,159,27,20,1,52
muhlyinherdailythinking,662bd0bcda477fce1ebac3c1,,2,39,0,10,0,7
VUMINHTRA,60ebe6c33583b555c24e17f2,,0,851,51,623,5,16
VVesper,60ebe62f3583b555c24d4585,,1,2911,589,0,12,82
RyterKen109,642e9b580564add6edf14674,,1,3,0,0,0,2
khanhbuiclone,63d418672b513c8619a74711,,1,50,19,12,0,3
mankaistep,60ebe69d3583b555c24de175,,1,46,15,14,4,5
hwimang218,60ebe7053583b555c24e74a2,,2,61,11,8,10,9
cosmicwriter,62fe0f370668a9fb68112fbd,https://www.facebook.com/thecosmicwriter/,1,7,0,2,0,3
jaynguyen,60ebe7023583b555c24e70bd,,1,5,0,0,0,5
conmeobeooooo,640d2f5b2a0ebb610f469a36,,3,4,2,0,0,1
Haiphuong00,660a9f69da477fce1ebaa2b5,https://www.instagram.com/milkwood.pine?igsh=NTc4MTIwNjQ2YQ%3D%3D,2,12,1,1,0,5
Thanh_Pham,6350027fbbaf6875105b24be,,0,14,4,0,0,1
khuongdan006,6278fc20361cbb6709ca29bf,,1,12,0,1,0,3
Bachtoe,639f0a8c252fd7088380d473,,1,12,0,1,0,3
namc2005,65dd9259da477fce1eba73bc,,1,3,0,0,0,3
binsang123,60ebe67b3583b555c24db176,,1,16,0,3,10,1
kszjks123,646f7f01709d7bf565443f0d,,1,8,3,0,0,1
thachnguyenlc,60ebe6c63583b555c24e1b84,,1,43,41,2,9,5
ftu_qna,60ebe68f3583b555c24dcd7a,,1,201,59,59,6,13
Spider101,63b69b006bd87150f395c5ff,,1,50,2,3,0,77
productdesigntv,649ce7f6090ad4ab6d53d52e,,0,1,0,2,0,1
HoangTung,60ebe6a33583b555c24dea27,https://www.facebook.com/HTungPizza,1,272,8,111,1,41
haminhthanh,63159e36f84a992cd9ecc4cf,https://www.linkedin.com/in/thanh-ha-206b86219/,1,5,0,0,1,2
conhinhconchu,62b92052368126707057369d,https://www.instagram.com/will.de.street/,1,30,7,4,1,17
quynhanhtn2003,65895e2313deb5e10fc3744a,,0,2,0,1,0,1
nghesimotphantumua,60ebe66b3583b555c24d9ab5,,1,19,21,3,16,3
dolenhathuy271,60ebe6843583b555c24dbe72,,1,185,0,0,0,6
RookieLearnToWrite,64dd94ca81dad93c392aa83b,,1,8,2,0,1,4
Nilamlo,66477f64da477fce1ebaef6f,,1,2,0,0,0,2
thientanasp,65c46003da477fce1eba6140,,1,15,0,8,0,5
GooddayBillie,63f2f91ff5d24a0126c1de9b,,1,7,0,2,2,3
justaguy217,6503ea1c6a95f60c75183312,,1,21,5,2,0,5
henrynguyen2105,643631b3a38f7772e392726f,,1,7,0,1,3,3
littlejinsy,63372f0e43ee011013e88a4e,,2,12,8,1,3,3
NotaPrincess,60ebe6883583b555c24dc445,,2,525,211,168,0,22
QuangNN,660b74cdda477fce1ebaa36c,,1,42,8,10,1,11
hoangnamdz,60ebe6593583b555c24d8153,,3,333,0,73,0,35
Skuyu1131,65f45620da477fce1eba8a0c,,0,19,18,4,1,3
dinhvu,60ebe6623583b555c24d8dce,https://www.youtube.com/channel/UCzX9rDs4-s4I1ya4pCwtlVQ,1,1484,0,1094,4,61
vietjackson,60ebe6e73583b555c24e4a20,https://www.facebook.com/viet.jackson.1999/,1,106,12,31,0,5
ddieuthao,60ebe6393583b555c24d5372,,2,417,0,0,0,27
ltduong,60ebe6363583b555c24d4f4d,https://www.facebook.com/ltduong96/,1,255,0,90,0,15
ducnhan,630ccb89a264ac8ff08cb435,https://www.facebook.com/ducnhan.do.7/,1,12,0,1,3,2
coffee_note,6448f3a67ea7014a6e660fd4,,1,15,2,5,2,2
vietnguyen21,60fa4c83b4d801eae083e01d,,1,2,0,1,10,1
Sol1212,64dc2f7a81dad93c392aa709,,0,0,3,0,0,1
rosielala,65c29475da477fce1eba607b,,2,6,3,0,0,1
emman0701,659a971213deb5e10fc380e5,,2,70,7,15,0,3
skeptic,66403f0eda477fce1ebae2e2,,1,12,7,3,0,3
enchan0506,664eaf12da477fce1ebafd14,https://www.facebook.com/tranyen0506/,2,7,2,0,0,3
hniltd,65da2816da477fce1eba70d3,,0,13,6,3,0,4
Itachi_Coldplay,60ebe63d3583b555c24d5a13,,1,357,0,92,0,44
giaman224,642a525357186b9d62d8bf94,,0,19,4,5,0,3
kw1shh,64128c5d2a0ebb610f46a123,,1,2,0,1,1,2
hoangle96,649c466d090ad4ab6d53d4f3,,1,37,1,11,0,1
zerostar90,60ebe6303583b555c24d46e3,,1,176,0,0,0,6
Soniccute0705,60ebe6c93583b555c24e1fde,,0,16,2,2,11,9
UpBase,620c83700fac15a9f4e4e9be,,1,6,0,2,0,2
ngocinr,60ebe6703583b555c24da276,,3,213,0,70,33,7
LiLala,619e2d6847f5fe44138803da,,2,94,40,10,1,34
historydabest,660d8cfdda477fce1ebaa5d3,,1,8,9,3,1,3
BzbbBB,640859612a0ebb610f4695fb,,3,33,6,2,29,13
spiderum,60ebe6283583b555c24d3c6f,,0,3269,106,1592,0,111
csnhu111,612852d00758a09bb1b47d6b,,1,174,29,53,2,23
Thienlinh7a,634c1878478f3553d98804bf,,1,30,7,2,1,8
AlexThanh,62eb228d0668a9fb68111cc8,https://www.facebook.com/profile.php?id=100026995162719,1,41,46,0,9,1
maicoo,631e074302b324d2bdb65713,,2,72,0,0,0,4
Anotherfriendwithchaos,6472bd1f2355c5caa757d9fb,https://www.facebook.com/AnotherFriendwithChaos,1,48,12,15,10,4
nguudau,60ebe6983583b555c24dd9fe,https://vuadabong.com,1,235,58,114,25,2
hathuong25,64ddadb081dad93c392aa862,https://www.facebook.com/thunluva/,2,3,0,1,0,2
bagiathichphicong,60ebe6643583b555c24d9063,,2,3095,0,0,6,143
bibo2803,64bb58745144604269f45887,,0,7,0,0,0,1
lachoai237,60ebe6773583b555c24dab4f,https://www.facebook.com/TrinhThiPhuong777/,2,18,7,4,1,2
hungly,60ebe62d3583b555c24d43c6,,1,3248,824,2462,9,249
orhantt,60eefb6fc23be37ebf3792e6,https://www.facebook.com/Emdidautheblog,2,317,80,73,10,34
Kathiee,60ebe63c3583b555c24d5782,,2,82,32,12,24,13
thuybichngovn,60ebe67c3583b555c24db2aa,https://www.linkedin.com/in/thuybichngovn/,3,231,41,192,11,12
Jasmin02,66287f4fda477fce1ebabfcb,,0,4,0,0,0,1
minhtam32145,62d4cd8f7684a41fd984332d,,2,204,26,43,0,29
buihuuhoainam,60ebe6e13583b555c24e422d,,1,443,472,24,24,9
HuongMi,63e5b115abf0541d95f0a7ee,,2,4,1,0,2,2
lotuyendung0211,6427a7f6f9d1e4e6cce9e4a6,https://www.instagram.com/nguoi_dan_ong_voi_tui_gau/,1,4,0,0,0,5
kitty2023,660b8116da477fce1ebaa388,,1,49,32,2,1,3
DangDang,6202366c0fac15a9f4e4dd59,https://www.facebook.com/haidang.ngtran/,1,64,5,4,0,12
ngnlam_0702,63a3dc41525ef24321b55d65,https://www.instagram.com/lionnguyen.mkt/,1,2,0,0,0,1
kimphuongdangiuthenaycoa,644a4ddfc39dc76fd95b7cca,https://www.facebook.com/phuonggee.00/,2,7,1,1,2,4
mymotminh,64bf1c905144604269f45b08,,2,14,6,1,0,4
canuocdeuqueer,6405a0913c6df393ca38ce3e,,3,12,0,1,0,1
mystorytakeaways,615289e96171fc19b619cbb4,https://www.youtube.com/channel/UCyTAkeKy6QwyuIrXwSUsvlw,2,376,124,75,25,60
NguyenVanSon,633a95fb7e93c9613527a74c,,0,19,3,5,3,2
Leoooo,61a4d9dc47f5fe4413880b2d,,1,8,7,0,10,2
baophuccxxx,60ebe6a33583b555c24de9e6,,1,1108,0,0,0,68
toithichtrang,6545dff0543d9df59c024375,,1,6,1,0,5,1
huygc14920,64e7005e72e74fcb3ab04304,,0,6,2,0,0,1
songhuongvaygoi,61b75a1947f5fe4413882311,,1,3,2,1,3,7
ryanlroger,652512ed4e1c1b067522a062,https://discordapp.com/users/ryanlroger,1,15,5,8,0,2
lxl0112,60ebe6613583b555c24d8c1c,https://www.facebook.com/lxl.0112/,1,282,39,157,3,11
anhhungryu,60ebe6f73583b555c24e60f3,https://www.facebook.com/profile.php?id=100060771982458,1,9,4,0,9,2
hihi123,60ebe6f03583b555c24e568a,,0,82,0,13,1,9
rosiebunni,60ebe6763583b555c24daa95,https://www.youtube.com/@vibunny,2,1182,223,442,0,56
mrbumlss,60ebe65a3583b555c24d8269,https://www.facebook.com/solnsoul.2022/,1,132,4,18,3,5
Bon_The_Great,619313a247f5fe441387f918,,1,57,15,32,1,16
tobielephotographe,64151c269f7ad172fca7d581,,1,6,0,1,1,2
goodguyviet,60ebe6c13583b555c24e1473,,1,32,0,0,0,5
jorogumo,62f860970668a9fb68112a17,,1,21,7,1,2,28
Vananhchu,60ebe6cb3583b555c24e2250,,1,46,31,1,2,2
jst_austen,658b9d4113deb5e10fc375e9,Ai Tram Nguyen Tran,2,2,2,0,3,1
dienvi,60ebe6643583b555c24d9053,,3,49,23,0,0,7
NguyenDucAnhh,642bde6757186b9d62d8c157,,1,2,1,0,0,1
cleeksy,65f5cf33da477fce1eba8b79,https://cleeksy.com/,3,4,0,2,0,1
mynotme,60ebe6a43583b555c24debb0,,2,6,0,0,0,5
Truongbaolan,6581160a13deb5e10fc36eff,https://www.facebook.com/profile.php?id=100027164775119&locale=vi_VN,1,3,0,0,0,1
hoangle111193,60ebe6f73583b555c24e6032,,1,0,0,0,0,1
Letinah,6404ac3a3c6df393ca38cd42,https://www.facebook.com/profile.php?id=100089878935719,2,11,5,2,0,4
annpham96,60ebe6553583b555c24d7b9c,,2,1273,329,321,43,66
danglehainam,6333375c9e58ed80468baefd,,1,120,0,0,0,3
trandieutuanh,60ebe6613583b555c24d8c71,,2,3162,0,0,0,63
kemdota,60ebe65a3583b555c24d82c1,,1,356,0,145,0,21
Midorime,65d5f7b4da477fce1eba6d0d,,2,2,0,1,0,1
Nana289,64419525acea4ec6b0a9cc14,,2,2,0,0,0,2
clouds,6590e62913deb5e10fc379e0,,2,31,5,5,1,6
keirango,62ecc4190668a9fb68111eba,https://www.facebook.com/keiratrangngo,2,1292,0,0,0,46
hienng,62e7ea070668a9fb68111989,,2,75,22,9,10,3
Thaongynn,610df4f62b274ba68b87ee57,https://www.facebook.com/profile.php?id=100044574981871,2,69,25,17,3,15
minhtoan,60ebe63f3583b555c24d5bfb,,1,276,0,0,0,9
nyxrde,61939ab547f5fe441387f9cd,,3,6,0,0,2,1
longbkit,60ebe6ac3583b555c24df6ab,,1,11,2,2,0,2
ledoloc,637b93feaa81b21f43b290b6,,0,19,2,5,1,10
quanartdrawing,63dd3aa0ac6ce8aebd3d8731,https://www.youtube.com/@quanartdrawing,1,52,12,7,4,12
Zugo96,64714f692355c5caa757d91f,https://www.instagram.com/zugo96/,1,10,1,0,0,5
leducduy2209,60ebe7083583b555c24e78e3,,1,38,6,38,0,4
contentfbg,63fc7b00da3299e4a653344d,,1,13,4,3,0,5
thachtinh133,654856a1543d9df59c024501,,1,22,6,5,1,2
Trankhanhtoan232,63385b26de73322eea7b61eb,kton_k4,1,71,13,12,0,11
Bocool,65feba5dda477fce1eba95bf,https://www.youtube.com/channel/UCHFe0S6foZGezO8cceT14iw,3,45,6,9,1,4
